,id,creatorID,header_text,comment_count,upvotes,downvotes,imgSrc,checksum
0,jsid-post-amA5b7d,catlicking,Climate change denier gets demolished.,1K,12K,868,https://img-9gag-fun.9cache.com/photo/amA5b7d_460s.jpg,52520435385a3e456993e72ef362c0b4838f518f73c5f964c4af5ed29ec044be
1,jsid-post-aWGxB3K,happysadddd,German police protect bucket-wheel-excavator from climate activists in the former village of Lützerath,301,1.5K,96,https://img-9gag-fun.9cache.com/photo/aWGxB3K_460s.jpg,487cddfbff8cbc65cbe89f97b03cf630549d9cd78eba253ac5e4bfadb136cfff
2,jsid-post-aDYgErK,opm741,No one will see this.,162,1K,238,https://img-9gag-fun.9cache.com/photo/aDYgErK_460s.jpg,da6e120bdb8e228b37044bbefcaa90e6661736454f7e82f9a85937b68ea7f72b
3,jsid-post-aGEZOwK,fukcommies,It must have been climate change!,794,6.2K,595,https://img-9gag-fun.9cache.com/photo/aGEZOwK_460s.jpg,1a1f8e36cf2c8a9cb2ee1a9a7b75de12d9e9edbf2d3a0d96fdead2e1d0c32135
4,jsid-post-amA5b7d,catlicking,Climate change denier gets demolished.,1K,12K,868,https://img-9gag-fun.9cache.com/photo/amA5b7d_460s.jpg,52520435385a3e456993e72ef362c0b4838f518f73c5f964c4af5ed29ec044be
5,jsid-post-aWGxB3K,happysadddd,German police protect bucket-wheel-excavator from climate activists in the former village of Lützerath,301,1.5K,96,https://img-9gag-fun.9cache.com/photo/aWGxB3K_460s.jpg,487cddfbff8cbc65cbe89f97b03cf630549d9cd78eba253ac5e4bfadb136cfff
6,jsid-post-aDYgErK,opm741,No one will see this.,162,1K,238,https://img-9gag-fun.9cache.com/photo/aDYgErK_460s.jpg,da6e120bdb8e228b37044bbefcaa90e6661736454f7e82f9a85937b68ea7f72b
7,jsid-post-aGEZOwK,fukcommies,It must have been climate change!,794,6.2K,595,https://img-9gag-fun.9cache.com/photo/aGEZOwK_460s.jpg,1a1f8e36cf2c8a9cb2ee1a9a7b75de12d9e9edbf2d3a0d96fdead2e1d0c32135
8,jsid-post-ago5LPK,andersonknight,Climate,20,399,85,https://img-9gag-fun.9cache.com/photo/ago5LPK_460s.jpg,da6521be6c16ff34503785f031092f641fb871ce3622ac22c9c043545e88c6ce
9,jsid-post-aMExQpM,palepenisperson,Climate Change is Bad,57,113,68,https://img-9gag-fun.9cache.com/photo/aMExQpM_460s.jpg,52a9a6b7ce58b06bf1d602b12d4a5649baf7a996742a55ad5797fdbc1cb3b6a0
10,jsid-post-ap95jWb,shadowmose,"The ""Don't look up"" syndrom",531,1K,1K,https://img-9gag-fun.9cache.com/photo/ap95jWb_460s.jpg,db79434cbcc0d9d4ca60c63cb004cb1b31070f0184ca1cbfefd3dfd0e9ed1ec9
11,jsid-post-ago5LPK,andersonknight,Climate,20,399,85,https://img-9gag-fun.9cache.com/photo/ago5LPK_460s.jpg,da6521be6c16ff34503785f031092f641fb871ce3622ac22c9c043545e88c6ce
12,jsid-post-aMExQpM,palepenisperson,Climate Change is Bad,57,113,68,https://img-9gag-fun.9cache.com/photo/aMExQpM_460s.jpg,52a9a6b7ce58b06bf1d602b12d4a5649baf7a996742a55ad5797fdbc1cb3b6a0
13,jsid-post-ap95jWb,shadowmose,"The ""Don't look up"" syndrom",531,1K,1K,https://img-9gag-fun.9cache.com/photo/ap95jWb_460s.jpg,db79434cbcc0d9d4ca60c63cb004cb1b31070f0184ca1cbfefd3dfd0e9ed1ec9
14,jsid-post-az21BYm,walkingfishhh,A handy guide,98,84,134,https://img-9gag-fun.9cache.com/photo/az21BYm_460s.jpg,c878faa6a8d9aa20c0ac5d167412d5af130046865070c9235f06956e9f73a24d
15,jsid-post-a2Kox39,9GAGGER,Glued to the street and cut out by police. Here: the exact moment you realize you're an idiot,761,10K,761,https://img-9gag-fun.9cache.com/photo/a2Kox39_460s.jpg,a99c85c1e9b92540b2f1c67e904d4da89546cb85bb9a8c554105e33c12c17161
16,jsid-post-aL1wwM6,9GAGGER,Thank you doctor,83,154,331,https://img-9gag-fun.9cache.com/photo/aL1wwM6_460s.jpg,b32b3e63d0321f4860db244c4638c333babc4e146ae4b543b73dca94a0e60307
17,jsid-post-axo995D,frdrkjns,Der Klimawandel ist schuld ! Hättet ihr halt mehr co2 Steuer gezahlt .,32,165,27,https://img-9gag-fun.9cache.com/photo/axo995D_460s.jpg,c812cf334830cf46abe437d02f8749f90e61e2c9c03f12f1dd9f6bf6c6e78455
18,jsid-post-az21BYm,walkingfishhh,A handy guide,98,84,134,https://img-9gag-fun.9cache.com/photo/az21BYm_460s.jpg,c878faa6a8d9aa20c0ac5d167412d5af130046865070c9235f06956e9f73a24d
19,jsid-post-a2Kox39,9GAGGER,Glued to the street and cut out by police. Here: the exact moment you realize you're an idiot,761,10K,761,https://img-9gag-fun.9cache.com/photo/a2Kox39_460s.jpg,a99c85c1e9b92540b2f1c67e904d4da89546cb85bb9a8c554105e33c12c17161
20,jsid-post-aL1wwM6,9GAGGER,Thank you doctor,83,154,331,https://img-9gag-fun.9cache.com/photo/aL1wwM6_460s.jpg,b32b3e63d0321f4860db244c4638c333babc4e146ae4b543b73dca94a0e60307
21,jsid-post-axo995D,frdrkjns,Der Klimawandel ist schuld ! Hättet ihr halt mehr co2 Steuer gezahlt .,32,165,27,https://img-9gag-fun.9cache.com/photo/axo995D_460s.jpg,c812cf334830cf46abe437d02f8749f90e61e2c9c03f12f1dd9f6bf6c6e78455
22,jsid-post-adP54b2,sittepit,Climate change denier gets destroyed and is exposed for misleading people (not mine),222,1.1K,285,https://img-9gag-fun.9cache.com/photo/adP54b2_460s.jpg,3bb255b330a5979beae34bc5cb5ecab1f2152597e1f85a6385bee848130261a8
23,jsid-post-aA03M12,getchickened,The circus keeps going,211,3.5K,215,https://img-9gag-fun.9cache.com/photo/aA03M12_460s.jpg,efe4e014fe8fabac8d456d79a29be136c4e2cd250c96c45fb71afcc572076a5d
24,jsid-post-a8q3ALe,tomesiscool,"Yes, for the planet of course...",161,3.4K,181,https://img-9gag-fun.9cache.com/photo/a8q3ALe_460s.jpg,a4438af76ab38f25ad9c45459afd376646e76ba63d74a43a4f5b5afcf11d737b
25,jsid-post-avQoxRO,derentspannte,The climate is silent for now.,412,4.7K,461,https://img-9gag-fun.9cache.com/photo/avQoxRO_460s.jpg,d67795658a7c0008f8d796ae1fedddfac8744a6c12fc0c49c57a86ee209a6b70
26,jsid-post-adP54b2,sittepit,Climate change denier gets destroyed and is exposed for misleading people (not mine),222,1.1K,285,https://img-9gag-fun.9cache.com/photo/adP54b2_460s.jpg,3bb255b330a5979beae34bc5cb5ecab1f2152597e1f85a6385bee848130261a8
27,jsid-post-aA03M12,getchickened,The circus keeps going,211,3.5K,215,https://img-9gag-fun.9cache.com/photo/aA03M12_460s.jpg,efe4e014fe8fabac8d456d79a29be136c4e2cd250c96c45fb71afcc572076a5d
28,jsid-post-a8q3ALe,tomesiscool,"Yes, for the planet of course...",161,3.4K,181,https://img-9gag-fun.9cache.com/photo/a8q3ALe_460s.jpg,a4438af76ab38f25ad9c45459afd376646e76ba63d74a43a4f5b5afcf11d737b
29,jsid-post-avQoxRO,derentspannte,The climate is silent for now.,412,4.7K,461,https://img-9gag-fun.9cache.com/photo/avQoxRO_460s.jpg,d67795658a7c0008f8d796ae1fedddfac8744a6c12fc0c49c57a86ee209a6b70
30,jsid-post-armVbY0,freeyourselves,Greta Turnlight,7,101,135,https://img-9gag-fun.9cache.com/photo/armVbY0_460s.jpg,b4e31b2a376ab061855c9b08825a57d42aae094a31e5538308a696e88b24ebc5
31,jsid-post-abvG60b,vlad7sokruta,Oh how the kindergartener has failed to embrace ‘future’,18,89,83,https://img-9gag-fun.9cache.com/photo/abvG60b_460s.jpg,4ed6fe862ca0527c8db78b86fc5e104ef97d122393bb63d22bcc4897e3881d8b
32,jsid-post-a9qnWRo,angelcaine,Remember,586,1.5K,724,https://img-9gag-fun.9cache.com/photo/a9qnWRo_460s.jpg,e38915c367a181089f8a7434a6acb64f21eafcf466e17c5b8b1f48c1fa45f618
33,jsid-post-armVbY0,freeyourselves,Greta Turnlight,7,101,135,https://img-9gag-fun.9cache.com/photo/armVbY0_460s.jpg,b4e31b2a376ab061855c9b08825a57d42aae094a31e5538308a696e88b24ebc5
34,jsid-post-abvG60b,vlad7sokruta,Oh how the kindergartener has failed to embrace ‘future’,18,89,83,https://img-9gag-fun.9cache.com/photo/abvG60b_460s.jpg,4ed6fe862ca0527c8db78b86fc5e104ef97d122393bb63d22bcc4897e3881d8b
35,jsid-post-a9qnWRo,angelcaine,Remember,586,1.5K,724,https://img-9gag-fun.9cache.com/photo/a9qnWRo_460s.jpg,e38915c367a181089f8a7434a6acb64f21eafcf466e17c5b8b1f48c1fa45f618
36,jsid-post-a1PR8K8,uplink_3_14,Change my mind,446,3.1K,431,https://img-9gag-fun.9cache.com/photo/a1PR8K8_460s.jpg,ca22a31b35a4b739c6e45249f2f117f968715c36ca8cb3a71556b85b7a3ac5d4
37,jsid-post-amAvz8d,abunbubu,"""he/she can change""",152,2.2K,140,https://img-9gag-fun.9cache.com/photo/amAvz8d_460s.jpg,2118e31c7e3e4e7129a32c15a0a371a3dc1bfab5e8f57c36f3143c4238ad0848
38,jsid-post-aqegB1L,faraechilibru,What I think of at work.,14,131,69,https://img-9gag-fun.9cache.com/photo/aqegB1L_460s.jpg,2e186743f98a4c35d5f6f7058cd68fed6fb254fe864fcbbf797c37f72a37446f
39,jsid-post-a4oRW4w,ohellno666,You dont give a f0ck about the enviroment you just want power,41,148,255,https://img-9gag-fun.9cache.com/photo/a4oRW4w_460s.jpg,bb05f3e04234d68729f81cff9e36d88fc9ae29c2fd93b81a8eadb551e40e392a
40,jsid-post-aQEdEVz,milkmandan88,It's bigotry²,11,54,49,https://img-9gag-fun.9cache.com/photo/aQEdEVz_460s.jpg,e135e825e1a153e4a8ffd275d0289e5e568310b5fe6220d3a3ade8c42fa2d65a
41,jsid-post-a1PR8K8,uplink_3_14,Change my mind,446,3.1K,431,https://img-9gag-fun.9cache.com/photo/a1PR8K8_460s.jpg,ca22a31b35a4b739c6e45249f2f117f968715c36ca8cb3a71556b85b7a3ac5d4
42,jsid-post-amAvz8d,abunbubu,"""he/she can change""",152,2.2K,140,https://img-9gag-fun.9cache.com/photo/amAvz8d_460s.jpg,2118e31c7e3e4e7129a32c15a0a371a3dc1bfab5e8f57c36f3143c4238ad0848
43,jsid-post-aqegB1L,faraechilibru,What I think of at work.,14,131,69,https://img-9gag-fun.9cache.com/photo/aqegB1L_460s.jpg,2e186743f98a4c35d5f6f7058cd68fed6fb254fe864fcbbf797c37f72a37446f
44,jsid-post-a4oRW4w,ohellno666,You dont give a f0ck about the enviroment you just want power,41,148,255,https://img-9gag-fun.9cache.com/photo/a4oRW4w_460s.jpg,bb05f3e04234d68729f81cff9e36d88fc9ae29c2fd93b81a8eadb551e40e392a
45,jsid-post-aQEdEVz,milkmandan88,It's bigotry²,11,54,49,https://img-9gag-fun.9cache.com/photo/aQEdEVz_460s.jpg,e135e825e1a153e4a8ffd275d0289e5e568310b5fe6220d3a3ade8c42fa2d65a
46,jsid-post-ap95M0M,gnalluidj,Change my mind,132,2K,143,https://img-9gag-fun.9cache.com/photo/ap95M0M_460s.jpg,de124fd589b9bd70ffd8aa5bec16f3e467e16df80a140a904b7c2e9c30c3b1fa
47,jsid-post-aNw1QEw,palepenisperson,Climate Change is Bad,73,459,141,https://img-9gag-fun.9cache.com/photo/aNw1QEw_460s.jpg,4442a64ab05d9bc61e2de69e9b1966fe13b54bfc995c53ed47cb1ca700f43e3e
48,jsid-post-ay2oVeM,9GAGGER,"Don’t do plastic, kids",644,9.2K,685,https://img-9gag-fun.9cache.com/photo/ay2oVeM_460s.jpg,93c159f4b293829520b04172bd0e596e49928327f5e3496ed1c0f8639f81882f
49,jsid-post-ap95zrW,twoface555,Change my mind,197,1.6K,435,https://img-9gag-fun.9cache.com/photo/ap95zrW_460s.jpg,5ce31840768768880b57600fb73a39b498ebafc1d2963b8b477dcbce5b500a68
50,jsid-post-ap95M0M,gnalluidj,Change my mind,132,2K,143,https://img-9gag-fun.9cache.com/photo/ap95M0M_460s.jpg,de124fd589b9bd70ffd8aa5bec16f3e467e16df80a140a904b7c2e9c30c3b1fa
51,jsid-post-aNw1QEw,palepenisperson,Climate Change is Bad,73,459,141,https://img-9gag-fun.9cache.com/photo/aNw1QEw_460s.jpg,4442a64ab05d9bc61e2de69e9b1966fe13b54bfc995c53ed47cb1ca700f43e3e
52,jsid-post-ay2oVeM,9GAGGER,"Don’t do plastic, kids",644,9.2K,685,https://img-9gag-fun.9cache.com/photo/ay2oVeM_460s.jpg,93c159f4b293829520b04172bd0e596e49928327f5e3496ed1c0f8639f81882f
53,jsid-post-ap95zrW,twoface555,Change my mind,197,1.6K,435,https://img-9gag-fun.9cache.com/photo/ap95zrW_460s.jpg,5ce31840768768880b57600fb73a39b498ebafc1d2963b8b477dcbce5b500a68
54,jsid-post-a8qG143,schnurstrax95,Its just a little silly,413,5.7K,362,https://img-9gag-fun.9cache.com/photo/a8qG143_460s.jpg,5e3e156603bd44c23f9ae59b182ff711b20f97161d7ae80665535452cb573cc3
55,jsid-post-avQ8Rrn,grillerman77,Lying MFs,83,273,61,https://img-9gag-fun.9cache.com/photo/avQ8Rrn_460s.jpg,fb5b01cb0b92a27458fc02ebe6dbd6e0e5836cc85de680e89250a6d8bf4adaa6
56,jsid-post-aYVY2Gq,greenmartin2812,Easy with O2,14,228,73,https://img-9gag-fun.9cache.com/photo/aYVY2Gq_460s.jpg,076a40b5202fbcb7ff81baba4fa8d93b916ce4cdf6e4ff4dd9be0e4258cf5556
57,jsid-post-a9qR5P1,bert_mcfc,Poor leftwing creatures are in denial,22,77,119,https://img-9gag-fun.9cache.com/photo/a9qR5P1_460s.jpg,e698e9838988733c5293357b1a6aa2ccf0ea8c7f2da3a2110aa4fca29cf72045
58,jsid-post-aGEgbGn,danny__tanner,"I've never taken prescription pills, but I'm starting to realize at my age I need a lifestyle change. Lol",244,3.4K,274,https://img-9gag-fun.9cache.com/photo/aGEgbGn_460s.jpg,991cb603989a86f6a18c36657a87595315c13d51b395e63d0e4cee990c63ca0b
59,jsid-post-a8qG143,schnurstrax95,Its just a little silly,413,5.7K,362,https://img-9gag-fun.9cache.com/photo/a8qG143_460s.jpg,5e3e156603bd44c23f9ae59b182ff711b20f97161d7ae80665535452cb573cc3
60,jsid-post-avQ8Rrn,grillerman77,Lying MFs,83,273,61,https://img-9gag-fun.9cache.com/photo/avQ8Rrn_460s.jpg,fb5b01cb0b92a27458fc02ebe6dbd6e0e5836cc85de680e89250a6d8bf4adaa6
61,jsid-post-aYVY2Gq,greenmartin2812,Easy with O2,14,228,73,https://img-9gag-fun.9cache.com/photo/aYVY2Gq_460s.jpg,076a40b5202fbcb7ff81baba4fa8d93b916ce4cdf6e4ff4dd9be0e4258cf5556
62,jsid-post-a9qR5P1,bert_mcfc,Poor leftwing creatures are in denial,22,77,119,https://img-9gag-fun.9cache.com/photo/a9qR5P1_460s.jpg,e698e9838988733c5293357b1a6aa2ccf0ea8c7f2da3a2110aa4fca29cf72045
63,jsid-post-aGEgbGn,danny__tanner,"I've never taken prescription pills, but I'm starting to realize at my age I need a lifestyle change. Lol",244,3.4K,274,https://img-9gag-fun.9cache.com/photo/aGEgbGn_460s.jpg,991cb603989a86f6a18c36657a87595315c13d51b395e63d0e4cee990c63ca0b
64,jsid-post-a04QdqX,lukilusgreenlev,That’s a bummer,434,1.5K,686,https://img-9gag-fun.9cache.com/photo/a04QdqX_460s.jpg,46e40146d9206903bf7b2d0f1cbca0de1a310ad2251d5d07db1b8c6a1da0c6eb
65,jsid-post-aQEdXmz,slicknick420666,Times change,11,226,29,https://img-9gag-fun.9cache.com/photo/aQEdXmz_460s.jpg,6f98396e177dd91b2fa4db6f7df9af042a8ef1d87b59655cf60c725a6a9bd1bd
66,jsid-post-a04QdqX,lukilusgreenlev,That’s a bummer,434,1.5K,686,https://img-9gag-fun.9cache.com/photo/a04QdqX_460s.jpg,46e40146d9206903bf7b2d0f1cbca0de1a310ad2251d5d07db1b8c6a1da0c6eb
67,jsid-post-aQEdXmz,slicknick420666,Times change,11,226,29,https://img-9gag-fun.9cache.com/photo/aQEdXmz_460s.jpg,6f98396e177dd91b2fa4db6f7df9af042a8ef1d87b59655cf60c725a6a9bd1bd
68,jsid-post-aMEYxnP,chalabi,Greta's awesome comeback to this douchebag . (Andrew's comment remind me of those who brag about killing animals for anti-hunting activists),63,97,173,https://img-9gag-fun.9cache.com/photo/aMEYxnP_460s.jpg,011fde4705a91674624834937691eba0ca520e9aa090265681b9214c71ed63d0
69,jsid-post-avQom2X,null8fuenfzehn,Can't find shit,189,6.3K,104,https://img-9gag-fun.9cache.com/photo/avQom2X_460s.jpg,338a78cfd74c4f5db82ebc60630a186de9c4bdea6e15f861efa23c5320875ad5
70,jsid-post-ay2oNGb,9GAGGER,Andrew Tate,241,1.5K,436,https://img-9gag-fun.9cache.com/photo/ay2oNGb_460s.jpg,a1a47b812ea2e417ce8cfd3ff21db7571a612fc8e044dcc3fb426a5ee43aef72
71,jsid-post-aVbY8oO,kanguru666,And watching both on HD...,7,187,23,https://img-9gag-fun.9cache.com/photo/aVbY8oO_460s.jpg,c6048b0f8c476cc3b3b08ddf30679b8fd901d4f3c42d3215d64b539b18d9f308
72,jsid-post-aMEYxnP,chalabi,Greta's awesome comeback to this douchebag . (Andrew's comment remind me of those who brag about killing animals for anti-hunting activists),63,97,173,https://img-9gag-fun.9cache.com/photo/aMEYxnP_460s.jpg,011fde4705a91674624834937691eba0ca520e9aa090265681b9214c71ed63d0
73,jsid-post-avQom2X,null8fuenfzehn,Can't find shit,189,6.3K,104,https://img-9gag-fun.9cache.com/photo/avQom2X_460s.jpg,338a78cfd74c4f5db82ebc60630a186de9c4bdea6e15f861efa23c5320875ad5
74,jsid-post-ay2oNGb,9GAGGER,Andrew Tate,241,1.5K,436,https://img-9gag-fun.9cache.com/photo/ay2oNGb_460s.jpg,a1a47b812ea2e417ce8cfd3ff21db7571a612fc8e044dcc3fb426a5ee43aef72
75,jsid-post-aVbY8oO,kanguru666,And watching both on HD...,7,187,23,https://img-9gag-fun.9cache.com/photo/aVbY8oO_460s.jpg,c6048b0f8c476cc3b3b08ddf30679b8fd901d4f3c42d3215d64b539b18d9f308
76,jsid-post-a8q5WK6,djhambi,Russians didn't expect the power of Climate Change,31,126,40,https://img-9gag-fun.9cache.com/photo/a8q5WK6_460s.jpg,ced971bab2ac43717e53d06a16b9ca1514ae47a567c9befda0ad76d89a3da1f5
77,jsid-post-ago5eGg,bobmoran1,Foresight,70,78,40,https://img-9gag-fun.9cache.com/photo/ago5eGg_460s.jpg,7cc499aa96be6d41432ef850cadbdbf26a3dc1b55c15ce88fbb7bbfc1aa7445c
78,jsid-post-agondmx,abunbubu,Change my mind,258,6.3K,319,https://img-9gag-fun.9cache.com/photo/agondmx_460s.jpg,ff98e625873b35f75b3b965be9097f81b019ae035e4baea9f75d83e6e911cd22
79,jsid-post-anz90BL,9GAGGER,Trust the science,42,210,168,https://img-9gag-fun.9cache.com/photo/anz90BL_460s.jpg,b8757e5c21f357d3bacb9298bfecc75f8e9fd74619f0eabf7a87964be8458a45
80,jsid-post-a8q5WK6,djhambi,Russians didn't expect the power of Climate Change,31,126,40,https://img-9gag-fun.9cache.com/photo/a8q5WK6_460s.jpg,ced971bab2ac43717e53d06a16b9ca1514ae47a567c9befda0ad76d89a3da1f5
81,jsid-post-ago5eGg,bobmoran1,Foresight,70,78,40,https://img-9gag-fun.9cache.com/photo/ago5eGg_460s.jpg,7cc499aa96be6d41432ef850cadbdbf26a3dc1b55c15ce88fbb7bbfc1aa7445c
82,jsid-post-agondmx,abunbubu,Change my mind,258,6.3K,319,https://img-9gag-fun.9cache.com/photo/agondmx_460s.jpg,ff98e625873b35f75b3b965be9097f81b019ae035e4baea9f75d83e6e911cd22
83,jsid-post-anz90BL,9GAGGER,Trust the science,42,210,168,https://img-9gag-fun.9cache.com/photo/anz90BL_460s.jpg,b8757e5c21f357d3bacb9298bfecc75f8e9fd74619f0eabf7a87964be8458a45
84,jsid-post-aBd08bD,9GAGGER,Mr. Lovenstein Wholesome comic,121,2.5K,187,https://img-9gag-fun.9cache.com/photo/aBd08bD_460s.jpg,268abccb2969fb408b10b4ec4399344ee12794d2a2c110269ad5d44c6144865f
85,jsid-post-aA0gnEd,9GAGGER,Sudden climate change for yall,21,18,35,https://img-9gag-fun.9cache.com/photo/aA0gnEd_460s.jpg,1e79aa621ad4f169f09feffa5d036181bd66dd4167715e97ac92c5141253a80f
86,jsid-post-axo9z6Y,idudus,Society,603,9.2K,654,https://img-9gag-fun.9cache.com/photo/axo9z6Y_460s.jpg,306ab4c4938296d402da7a38794162613fd7f0a520b8f444d8edd7e4e209c3e3
87,jsid-post-a9qK6oZ,mauricioromani,A clear example of climate change,22,113,140,https://img-9gag-fun.9cache.com/photo/a9qK6oZ_460s.jpg,995b364ea72814796f72ded7d471b6e22dca5d4ac45bdc61060551407ff3e7df
88,jsid-post-aBd08bD,9GAGGER,Mr. Lovenstein Wholesome comic,121,2.5K,187,https://img-9gag-fun.9cache.com/photo/aBd08bD_460s.jpg,268abccb2969fb408b10b4ec4399344ee12794d2a2c110269ad5d44c6144865f
89,jsid-post-aA0gnEd,9GAGGER,Sudden climate change for yall,21,18,35,https://img-9gag-fun.9cache.com/photo/aA0gnEd_460s.jpg,1e79aa621ad4f169f09feffa5d036181bd66dd4167715e97ac92c5141253a80f
90,jsid-post-axo9z6Y,idudus,Society,603,9.2K,654,https://img-9gag-fun.9cache.com/photo/axo9z6Y_460s.jpg,306ab4c4938296d402da7a38794162613fd7f0a520b8f444d8edd7e4e209c3e3
91,jsid-post-a9qK6oZ,mauricioromani,A clear example of climate change,22,113,140,https://img-9gag-fun.9cache.com/photo/a9qK6oZ_460s.jpg,995b364ea72814796f72ded7d471b6e22dca5d4ac45bdc61060551407ff3e7df
92,jsid-post-a9qKrLK,shadow_banned98,Climate change is real!,37,78,100,https://img-9gag-fun.9cache.com/photo/a9qKrLK_460s.jpg,00a9921e9b7586ddda4ccba816aceaec87d4909371a0e1777d6e71916c6812bb
93,jsid-post-a6qKOn9,baracc0_barner,Guess I'll die.,21,40,53,https://img-9gag-fun.9cache.com/photo/a6qKOn9_460s.jpg,e0435844778112b936425721d174c41eff35b372e6438fc4523ad0400e6b85a1
94,jsid-post-a6qOo48,deadbroke74,Not Funny,90,530,261,https://img-9gag-fun.9cache.com/photo/a6qOo48_460s.jpg,bc50509bc833a4aafc08917eac5a1b68a344be6f8d0c6978404195824b6f2a0f
95,jsid-post-aGEdpV0,jobless_gfless,"And just like that, within my lifetime a problem was identified, policy enacted for a solution, and now the problem is we'll on it's way to being resolved! And this would have been the second time a climate problem was solved.",17,21,22,https://img-9gag-fun.9cache.com/photo/aGEdpV0_460s.jpg,79c555200e9fb3c18ebde64f860b7bbde8cb0e7ca5579f69361ce14c8812addf
96,jsid-post-a9qKrLK,shadow_banned98,Climate change is real!,37,78,100,https://img-9gag-fun.9cache.com/photo/a9qKrLK_460s.jpg,00a9921e9b7586ddda4ccba816aceaec87d4909371a0e1777d6e71916c6812bb
97,jsid-post-a6qKOn9,baracc0_barner,Guess I'll die.,21,40,53,https://img-9gag-fun.9cache.com/photo/a6qKOn9_460s.jpg,e0435844778112b936425721d174c41eff35b372e6438fc4523ad0400e6b85a1
98,jsid-post-a6qOo48,deadbroke74,Not Funny,90,530,261,https://img-9gag-fun.9cache.com/photo/a6qOo48_460s.jpg,bc50509bc833a4aafc08917eac5a1b68a344be6f8d0c6978404195824b6f2a0f
99,jsid-post-aGEdpV0,jobless_gfless,"And just like that, within my lifetime a problem was identified, policy enacted for a solution, and now the problem is we'll on it's way to being resolved! And this would have been the second time a climate problem was solved.",17,21,22,https://img-9gag-fun.9cache.com/photo/aGEdpV0_460s.jpg,79c555200e9fb3c18ebde64f860b7bbde8cb0e7ca5579f69361ce14c8812addf
100,jsid-post-a6qN7yN,9GAGGER,Leftwingers are dropping like flies lol,8,85,82,https://img-9gag-fun.9cache.com/photo/a6qN7yN_460s.jpg,f0cc84713859f2e4838b25882e2d0f2c74d3c571be9ba8cb8d7d7d5c616862a6
101,jsid-post-aXnj3d2,furtunos,Cat,44,6.3K,228,https://img-9gag-fun.9cache.com/photo/aXnj3d2_460s.jpg,1ffbc93ccff8465386991f5c7f799a7d0843e40bcd2cae07f1c9b4bc6b32c8ec
102,jsid-post-a6qN7yN,9GAGGER,Leftwingers are dropping like flies lol,8,85,82,https://img-9gag-fun.9cache.com/photo/a6qN7yN_460s.jpg,f0cc84713859f2e4838b25882e2d0f2c74d3c571be9ba8cb8d7d7d5c616862a6
103,jsid-post-aXnj3d2,furtunos,Cat,44,6.3K,228,https://img-9gag-fun.9cache.com/photo/aXnj3d2_460s.jpg,1ffbc93ccff8465386991f5c7f799a7d0843e40bcd2cae07f1c9b4bc6b32c8ec
104,jsid-post-aqenZnM,9GAGGER,Feed me your downvotes lab rats,54,114,158,https://img-9gag-fun.9cache.com/photo/aqenZnM_460s.jpg,46f96a46965c68fb0fdad1e80c67d6229480e4bf03aec3d7b32b8d5f2d218a94
105,jsid-post-a7q3b9z,war_and_peas,Stop,55,2K,97,https://img-9gag-fun.9cache.com/photo/a7q3b9z_460s.jpg,89d53b7b69d3a2e8e455284fe26cbaad6e8f355ac7000f8d4c3e202487e4ceb1
106,jsid-post-amAv0Zo,mongo5050,Psyborg,13,94,147,https://img-9gag-fun.9cache.com/photo/amAv0Zo_460s.jpg,503f03fdf422ab71ec52b4970892ca8248d8361df99fca5fc48e46eef4ac61ca
107,jsid-post-aqenZnM,9GAGGER,Feed me your downvotes lab rats,54,114,158,https://img-9gag-fun.9cache.com/photo/aqenZnM_460s.jpg,46f96a46965c68fb0fdad1e80c67d6229480e4bf03aec3d7b32b8d5f2d218a94
108,jsid-post-a7q3b9z,war_and_peas,Stop,55,2K,97,https://img-9gag-fun.9cache.com/photo/a7q3b9z_460s.jpg,89d53b7b69d3a2e8e455284fe26cbaad6e8f355ac7000f8d4c3e202487e4ceb1
109,jsid-post-amAv0Zo,mongo5050,Psyborg,13,94,147,https://img-9gag-fun.9cache.com/photo/amAv0Zo_460s.jpg,503f03fdf422ab71ec52b4970892ca8248d8361df99fca5fc48e46eef4ac61ca
110,jsid-post-az21E7Z,rotflolmaomgeez,Spare tire change,52,1K,214,https://img-9gag-fun.9cache.com/photo/az21E7Z_460s.jpg,9353749424dc9fbf5a038c7febb78ee6dc9da97f354ec8449a278068351659b8
111,jsid-post-aZD7g8p,johnvvest,I promise!,64,708,200,https://img-9gag-fun.9cache.com/photo/aZD7g8p_460s.jpg,bdf6c20608014dbc89a7721949bd43760854aa7cb58286458126f47479d5bb4a
112,jsid-post-axoz09W,rotitelobwg,There's no climate change,10,47,40,https://img-9gag-fun.9cache.com/photo/axoz09W_460s.jpg,8325070a0593fc580e63b0f058a0cf4f0d8470636e622dfe4a40fcbe6a27a8f7
113,jsid-post-az21E7Z,rotflolmaomgeez,Spare tire change,52,1K,214,https://img-9gag-fun.9cache.com/photo/az21E7Z_460s.jpg,9353749424dc9fbf5a038c7febb78ee6dc9da97f354ec8449a278068351659b8
114,jsid-post-aZD7g8p,johnvvest,I promise!,64,708,200,https://img-9gag-fun.9cache.com/photo/aZD7g8p_460s.jpg,bdf6c20608014dbc89a7721949bd43760854aa7cb58286458126f47479d5bb4a
115,jsid-post-axoz09W,rotitelobwg,There's no climate change,10,47,40,https://img-9gag-fun.9cache.com/photo/axoz09W_460s.jpg,8325070a0593fc580e63b0f058a0cf4f0d8470636e622dfe4a40fcbe6a27a8f7
116,jsid-post-aNwY1nb,rastamaniac,Every family has religious zealot.,31,172,113,https://img-9gag-fun.9cache.com/photo/aNwY1nb_460s.jpg,e2334e70a2a94c9fcaa668e044828eff23f2741a0cefe8764d9648dfc9498a7a
117,jsid-post-awZAOGB,mynewaccount200,"How can you virtue signal, if there is nothing to signal about?",99,400,350,https://img-9gag-fun.9cache.com/photo/awZAOGB_460s.jpg,921fc25df63483130972f1d8b3f4f84db9d704926552bcf49c9f360791eb88a1
118,jsid-post-aMEY6n1,piyushkumar626,I know I can change him....,87,1.1K,319,https://img-9gag-fun.9cache.com/photo/aMEY6n1_460s.jpg,a3b054c05709bcc64ca991622d9f1cd5363299043f416ac033e2c459872f8c3e
119,jsid-post-aNwY1nb,rastamaniac,Every family has religious zealot.,31,172,113,https://img-9gag-fun.9cache.com/photo/aNwY1nb_460s.jpg,e2334e70a2a94c9fcaa668e044828eff23f2741a0cefe8764d9648dfc9498a7a
120,jsid-post-awZAOGB,mynewaccount200,"How can you virtue signal, if there is nothing to signal about?",99,400,350,https://img-9gag-fun.9cache.com/photo/awZAOGB_460s.jpg,921fc25df63483130972f1d8b3f4f84db9d704926552bcf49c9f360791eb88a1
121,jsid-post-aMEY6n1,piyushkumar626,I know I can change him....,87,1.1K,319,https://img-9gag-fun.9cache.com/photo/aMEY6n1_460s.jpg,a3b054c05709bcc64ca991622d9f1cd5363299043f416ac033e2c459872f8c3e
122,jsid-post-aPgRNgn,uppty,I enjoy a good lockdown,50,131,167,https://img-9gag-fun.9cache.com/photo/aPgRNgn_460s.jpg,4a67b8e29fe9d27e0508651536d59c57609fa833c63e36bb53ce38b32ffa5f3e
123,jsid-post-anz5nDn,gammelobst,Beratung gefällig?,149,182,22,https://img-9gag-fun.9cache.com/photo/anz5nDn_460s.jpg,e2c9fed169cb09190226ad8230722e750088f89a649b06fc57da0112df9fc12b
124,jsid-post-amABM84,9GAGGER,Climate Change,6,18,22,https://img-9gag-fun.9cache.com/photo/amABM84_460s.jpg,41a18306ec479ec211c1cffbecf4a5c21ece506dc13704c173828fbb92acaffb
125,jsid-post-abvrROp,shadowsniper,Funny .I will Change,5,539,34,https://img-9gag-fun.9cache.com/photo/abvrROp_460s.jpg,01641acf4e6b34caf3c5c5e43d17fd67deb3f45a1d4405880e9cbe476d92b61f
126,jsid-post-aRE1qgq,aragornsantos,In 2017 we lived in hell and didnt know.,24,45,52,https://img-9gag-fun.9cache.com/photo/aRE1qgq_460s.jpg,4547d43a0879d58fd38ef9d0b66a5d50ee7d77fa0cde7129b185391861c19eb7
127,jsid-post-aPgRNgn,uppty,I enjoy a good lockdown,50,131,167,https://img-9gag-fun.9cache.com/photo/aPgRNgn_460s.jpg,4a67b8e29fe9d27e0508651536d59c57609fa833c63e36bb53ce38b32ffa5f3e
128,jsid-post-anz5nDn,gammelobst,Beratung gefällig?,149,182,22,https://img-9gag-fun.9cache.com/photo/anz5nDn_460s.jpg,e2c9fed169cb09190226ad8230722e750088f89a649b06fc57da0112df9fc12b
129,jsid-post-amABM84,9GAGGER,Climate Change,6,18,22,https://img-9gag-fun.9cache.com/photo/amABM84_460s.jpg,41a18306ec479ec211c1cffbecf4a5c21ece506dc13704c173828fbb92acaffb
130,jsid-post-abvrROp,shadowsniper,Funny .I will Change,5,539,34,https://img-9gag-fun.9cache.com/photo/abvrROp_460s.jpg,01641acf4e6b34caf3c5c5e43d17fd67deb3f45a1d4405880e9cbe476d92b61f
131,jsid-post-aRE1qgq,aragornsantos,In 2017 we lived in hell and didnt know.,24,45,52,https://img-9gag-fun.9cache.com/photo/aRE1qgq_460s.jpg,4547d43a0879d58fd38ef9d0b66a5d50ee7d77fa0cde7129b185391861c19eb7
132,jsid-post-avQoDRn,windoge81,True Intelligence,346,6.1K,241,https://img-9gag-fun.9cache.com/photo/avQoDRn_460s.jpg,d810bcae37281ec3a6381efbd68027ed696d9e1b94c999fe43c456786d323cfc
133,jsid-post-aDY10Pd,simonetan83,Time to change profession ...,689,12K,351,https://img-9gag-fun.9cache.com/photo/aDY10Pd_460s.jpg,23d9db3fac1227d4cc6d5a21bd80d0f42fe5296d8986c539ba5886f0041b81cc
134,jsid-post-a7qw8Dw,momodu63100,Random,246,5.9K,229,https://img-9gag-fun.9cache.com/photo/a7qw8Dw_460s.jpg,ee2a5671e0c3397294e18356acbc7510d3ca5a8cac53b280659b787b65fab956
135,jsid-post-aPgYP8G,er234re,It is.,74,213,113,https://img-9gag-fun.9cache.com/photo/aPgYP8G_460s.jpg,a8f4e896487abd32a050ed18f5d1b91e5b8bd5b6b61e21094962d8b008da4e51
136,jsid-post-avQoDRn,windoge81,True Intelligence,346,6.1K,241,https://img-9gag-fun.9cache.com/photo/avQoDRn_460s.jpg,d810bcae37281ec3a6381efbd68027ed696d9e1b94c999fe43c456786d323cfc
137,jsid-post-aDY10Pd,simonetan83,Time to change profession ...,689,12K,351,https://img-9gag-fun.9cache.com/photo/aDY10Pd_460s.jpg,23d9db3fac1227d4cc6d5a21bd80d0f42fe5296d8986c539ba5886f0041b81cc
138,jsid-post-a7qw8Dw,momodu63100,Random,246,5.9K,229,https://img-9gag-fun.9cache.com/photo/a7qw8Dw_460s.jpg,ee2a5671e0c3397294e18356acbc7510d3ca5a8cac53b280659b787b65fab956
139,jsid-post-aPgYP8G,er234re,It is.,74,213,113,https://img-9gag-fun.9cache.com/photo/aPgYP8G_460s.jpg,a8f4e896487abd32a050ed18f5d1b91e5b8bd5b6b61e21094962d8b008da4e51
140,jsid-post-a9qRn71,vb8_7,You do make a compelling argument,82,2.4K,354,https://img-9gag-fun.9cache.com/photo/a9qRn71_460s.jpg,55fe8957c39338d0ea0e5f93724c1c17acfb9b69743cd5c8898ac4381ac0c603
141,jsid-post-aEqP08G,lagarto666,Good news. Our Ozone layer recovered to 97%.,13,14,4,https://img-9gag-fun.9cache.com/photo/aEqP08G_460s.jpg,f8e45251a028bf7213fb0a2bf327fd72cdd27d5aee938b32dae11eebf451f562
142,jsid-post-a7qwYBx,9GAGGER,Maga cultists are so silly,17,35,43,https://img-9gag-fun.9cache.com/photo/a7qwYBx_460s.jpg,3b625d88bee85a85f39f9e72c096b402748061a898ed836d14ba25a9f85c703a
143,jsid-post-aBdgA8A,lalisaaa,Something that will never change,10,421,27,https://img-9gag-fun.9cache.com/photo/aBdgA8A_460s.jpg,ad70c75ff99f85a8b3df5746ece15ab9492a0dfc26aac9ee05445b750e045a2c
144,jsid-post-a9qRn71,vb8_7,You do make a compelling argument,82,2.4K,354,https://img-9gag-fun.9cache.com/photo/a9qRn71_460s.jpg,55fe8957c39338d0ea0e5f93724c1c17acfb9b69743cd5c8898ac4381ac0c603
145,jsid-post-aEqP08G,lagarto666,Good news. Our Ozone layer recovered to 97%.,13,14,4,https://img-9gag-fun.9cache.com/photo/aEqP08G_460s.jpg,f8e45251a028bf7213fb0a2bf327fd72cdd27d5aee938b32dae11eebf451f562
146,jsid-post-a7qwYBx,9GAGGER,Maga cultists are so silly,17,35,43,https://img-9gag-fun.9cache.com/photo/a7qwYBx_460s.jpg,3b625d88bee85a85f39f9e72c096b402748061a898ed836d14ba25a9f85c703a
147,jsid-post-aBdgA8A,lalisaaa,Something that will never change,10,421,27,https://img-9gag-fun.9cache.com/photo/aBdgA8A_460s.jpg,ad70c75ff99f85a8b3df5746ece15ab9492a0dfc26aac9ee05445b750e045a2c
148,jsid-post-adP5mjQ,onceoffaddress,"Considering they have more rights than men in ALL legislation, have affirmative action and legal protections plus more leniency and favour in the court system... what are they fighting for at this point exactly if not the destruction of men and masculinity?",196,563,381,https://img-9gag-fun.9cache.com/photo/adP5mjQ_460s.jpg,424f8f554fa830b617b1fc45ea8a70818610ca0fa586ed8f74ddb70d3d03336f
149,jsid-post-amA5xP9,pinkasso,"Well, at least some individuals...",81,2.5K,139,https://img-9gag-fun.9cache.com/photo/amA5xP9_460s.jpg,a375b6744dbe4b9e9ef0d80c4b63478adbdd82dafccc1a591b8100fa577c9ebb
150,jsid-post-aeQr6pv,9GAGGER,...,43,90,84,https://img-9gag-fun.9cache.com/photo/aeQr6pv_460s.jpg,dd5fabddf6c3f6c9f6e2a0f0295bdf823a927a7da7198442969d4f0850b85696
151,jsid-post-adP5mjQ,onceoffaddress,"Considering they have more rights than men in ALL legislation, have affirmative action and legal protections plus more leniency and favour in the court system... what are they fighting for at this point exactly if not the destruction of men and masculinity?",196,563,381,https://img-9gag-fun.9cache.com/photo/adP5mjQ_460s.jpg,424f8f554fa830b617b1fc45ea8a70818610ca0fa586ed8f74ddb70d3d03336f
152,jsid-post-amA5xP9,pinkasso,"Well, at least some individuals...",81,2.5K,139,https://img-9gag-fun.9cache.com/photo/amA5xP9_460s.jpg,a375b6744dbe4b9e9ef0d80c4b63478adbdd82dafccc1a591b8100fa577c9ebb
153,jsid-post-aeQr6pv,9GAGGER,...,43,90,84,https://img-9gag-fun.9cache.com/photo/aeQr6pv_460s.jpg,dd5fabddf6c3f6c9f6e2a0f0295bdf823a927a7da7198442969d4f0850b85696
154,jsid-post-aYV73Oq,t72e,Which of these genders do you identify as?,105,2.1K,151,https://img-9gag-fun.9cache.com/photo/aYV73Oq_460s.jpg,dd8887b5f50d1c7e663a7c149df51591606e6d5c36b7a7a0d7fcd5c7b1c0f422
155,jsid-post-aL1wDzM,9GAGGER,Haters gonna hate,339,1.1K,590,https://img-9gag-fun.9cache.com/photo/aL1wDzM_460s.jpg,d25183e10090fe2f53c17e1a1365a36c2afd937d5ab551412df798ca26166ab2
156,jsid-post-aA0gn3p,opm741,You cant simply change someone mind with facts.,73,1.1K,115,https://img-9gag-fun.9cache.com/photo/aA0gn3p_460s.jpg,0f815d6f4a3be38227f5fbe1a8d8c60041f56bb6154f0a7b6c6097066029196d
157,jsid-post-awZB7vy,cdspin,Keep counting. Results will change.,35,264,72,https://img-9gag-fun.9cache.com/photo/awZB7vy_460s.jpg,5632f7407c36d419beb4e57de30dd94a875615e1c979beb5da515ec4f6ca26eb
158,jsid-post-a1PRRV6,9GAGGER,A title,142,3.2K,249,https://img-9gag-fun.9cache.com/photo/a1PRRV6_460s.jpg,78c3de7b13b4a17cdcf6c4c74a4c7107450f7d51d54dc18c12a6cb49d29d1008
159,jsid-post-aYV73Oq,t72e,Which of these genders do you identify as?,105,2.1K,151,https://img-9gag-fun.9cache.com/photo/aYV73Oq_460s.jpg,dd8887b5f50d1c7e663a7c149df51591606e6d5c36b7a7a0d7fcd5c7b1c0f422
160,jsid-post-aL1wDzM,9GAGGER,Haters gonna hate,339,1.1K,590,https://img-9gag-fun.9cache.com/photo/aL1wDzM_460s.jpg,d25183e10090fe2f53c17e1a1365a36c2afd937d5ab551412df798ca26166ab2
161,jsid-post-aA0gn3p,opm741,You cant simply change someone mind with facts.,73,1.1K,115,https://img-9gag-fun.9cache.com/photo/aA0gn3p_460s.jpg,0f815d6f4a3be38227f5fbe1a8d8c60041f56bb6154f0a7b6c6097066029196d
162,jsid-post-awZB7vy,cdspin,Keep counting. Results will change.,35,264,72,https://img-9gag-fun.9cache.com/photo/awZB7vy_460s.jpg,5632f7407c36d419beb4e57de30dd94a875615e1c979beb5da515ec4f6ca26eb
163,jsid-post-a1PRRV6,9GAGGER,A title,142,3.2K,249,https://img-9gag-fun.9cache.com/photo/a1PRRV6_460s.jpg,78c3de7b13b4a17cdcf6c4c74a4c7107450f7d51d54dc18c12a6cb49d29d1008
164,jsid-post-aL10dgx,fewbirbsss,Thank you.,40,698,39,https://img-9gag-fun.9cache.com/photo/aL10dgx_460s.jpg,649617600accdc95b6b14ead974cc8a087f4dca11d4820869f3f8c59dfc496a1
165,jsid-post-ajV9QWR,nevermore_bitch,Change my mind.,37,131,65,https://img-9gag-fun.9cache.com/photo/ajV9QWR_460s.jpg,2bfc2a4054e7c8d6e5a5fcc2626a3b941f12529676932ad91f4565fcc7cedfcc
166,jsid-post-anz491L,9GAGGER,Many similarities between religion and fans of novels,96,531,213,https://img-9gag-fun.9cache.com/photo/anz491L_460s.jpg,7798a10c71879b765f052a85ed6bebfba56b6308ff05d3f1738ab725fae00a20
167,jsid-post-az2Xyqp,donaldmir,Don't be gah,10,135,123,https://img-9gag-fun.9cache.com/photo/az2Xyqp_460s.jpg,aeb6dde579f5436266ca1d80ef386cd349946ba66b6d9a4cd58f4c5b05a19faa
168,jsid-post-aNw1X1w,9GAGGER,Time for change,527,5.4K,553,https://img-9gag-fun.9cache.com/photo/aNw1X1w_460s.jpg,8bbb0e68432c92010d06b2419b11ed27245b143dd92f6aa37a6d45235ee9f384
169,jsid-post-aL10dgx,fewbirbsss,Thank you.,40,698,39,https://img-9gag-fun.9cache.com/photo/aL10dgx_460s.jpg,649617600accdc95b6b14ead974cc8a087f4dca11d4820869f3f8c59dfc496a1
170,jsid-post-ajV9QWR,nevermore_bitch,Change my mind.,37,131,65,https://img-9gag-fun.9cache.com/photo/ajV9QWR_460s.jpg,2bfc2a4054e7c8d6e5a5fcc2626a3b941f12529676932ad91f4565fcc7cedfcc
171,jsid-post-anz491L,9GAGGER,Many similarities between religion and fans of novels,96,531,213,https://img-9gag-fun.9cache.com/photo/anz491L_460s.jpg,7798a10c71879b765f052a85ed6bebfba56b6308ff05d3f1738ab725fae00a20
172,jsid-post-az2Xyqp,donaldmir,Don't be gah,10,135,123,https://img-9gag-fun.9cache.com/photo/az2Xyqp_460s.jpg,aeb6dde579f5436266ca1d80ef386cd349946ba66b6d9a4cd58f4c5b05a19faa
173,jsid-post-aNw1X1w,9GAGGER,Time for change,527,5.4K,553,https://img-9gag-fun.9cache.com/photo/aNw1X1w_460s.jpg,8bbb0e68432c92010d06b2419b11ed27245b143dd92f6aa37a6d45235ee9f384
174,jsid-post-anzM2nV,parallax1991,People are just dumm /Dilbert,154,2.5K,157,https://img-9gag-fun.9cache.com/photo/anzM2nV_460s.jpg,61cc472d9af85dd0c8127e51ca16ae9de7f235b4a89ceee79f4c44f8d57599f6
175,jsid-post-a3ZRdqv,9GAGGER,"The conspiracy theorists assure in their madness that this does not work, they are not intelligent like us believers of science. Next thing they are going to deny climate change.",20,42,60,https://img-9gag-fun.9cache.com/photo/a3ZRdqv_460s.jpg,5e0160c4be8f30ad4a33b406a53b9e4d1ed3d77fd24590c099bdaa7d40b515b9
176,jsid-post-aEqP0jx,mcmaria,Science only works when its convenient.,15,14,20,https://img-9gag-fun.9cache.com/photo/aEqP0jx_460s.jpg,7c1449d71465c29b9bcf7fea0bba695e2b59ea7ca4b64b41e932c2bf35c23405
177,jsid-post-a8qGpqY,hits_blunt,I wonder why,112,6.5K,456,https://img-9gag-fun.9cache.com/photo/a8qGpqY_460s.jpg,9a3f2d5cf19e6444bd038b599f961deb5fede940c355a1b635a3e2046f8e9104
178,jsid-post-ap95BmM,dobenhagen___,*cries in fish*,82,2K,111,https://img-9gag-fun.9cache.com/photo/ap95BmM_460s.jpg,e40ce021fa5a8265e0a603499b18c2a16bd9486d0b3d6a538557395ea891022f
179,jsid-post-anzM2nV,parallax1991,People are just dumm /Dilbert,154,2.5K,157,https://img-9gag-fun.9cache.com/photo/anzM2nV_460s.jpg,61cc472d9af85dd0c8127e51ca16ae9de7f235b4a89ceee79f4c44f8d57599f6
180,jsid-post-a3ZRdqv,9GAGGER,"The conspiracy theorists assure in their madness that this does not work, they are not intelligent like us believers of science. Next thing they are going to deny climate change.",20,42,60,https://img-9gag-fun.9cache.com/photo/a3ZRdqv_460s.jpg,5e0160c4be8f30ad4a33b406a53b9e4d1ed3d77fd24590c099bdaa7d40b515b9
181,jsid-post-aEqP0jx,mcmaria,Science only works when its convenient.,15,14,20,https://img-9gag-fun.9cache.com/photo/aEqP0jx_460s.jpg,7c1449d71465c29b9bcf7fea0bba695e2b59ea7ca4b64b41e932c2bf35c23405
182,jsid-post-a8qGpqY,hits_blunt,I wonder why,112,6.5K,456,https://img-9gag-fun.9cache.com/photo/a8qGpqY_460s.jpg,9a3f2d5cf19e6444bd038b599f961deb5fede940c355a1b635a3e2046f8e9104
183,jsid-post-ap95BmM,dobenhagen___,*cries in fish*,82,2K,111,https://img-9gag-fun.9cache.com/photo/ap95BmM_460s.jpg,e40ce021fa5a8265e0a603499b18c2a16bd9486d0b3d6a538557395ea891022f
184,jsid-post-aVb0Ax8,9GAGGER,Who da fook is dat guy,13,60,75,https://img-9gag-fun.9cache.com/photo/aVb0Ax8_460s.jpg,dbd0329be00c958189d5af1145aefd4b5d60d0d53f2904686d518a7b905f540d
185,jsid-post-az214QN,blackfishmarket,Death In 2022,24,74,30,https://img-9gag-fun.9cache.com/photo/az214QN_460s.jpg,247fbe835950e46f8e196b2e16b4acb86f54cdf5afa6232b3d8ed5e7ed30b5dc
186,jsid-post-a7qwK3L,beerbeefbarotta,Cool Fate.......| Credits: @mrlovenstein | *Bonus Panel Included*,1,121,26,https://img-9gag-fun.9cache.com/photo/a7qwK3L_460s.jpg,a869630740ced3c652350b216e730de56ce22cacb617294b902b486c36ed404f
187,jsid-post-aVb0Ax8,9GAGGER,Who da fook is dat guy,13,60,75,https://img-9gag-fun.9cache.com/photo/aVb0Ax8_460s.jpg,dbd0329be00c958189d5af1145aefd4b5d60d0d53f2904686d518a7b905f540d
188,jsid-post-az214QN,blackfishmarket,Death In 2022,24,74,30,https://img-9gag-fun.9cache.com/photo/az214QN_460s.jpg,247fbe835950e46f8e196b2e16b4acb86f54cdf5afa6232b3d8ed5e7ed30b5dc
189,jsid-post-a7qwK3L,beerbeefbarotta,Cool Fate.......| Credits: @mrlovenstein | *Bonus Panel Included*,1,121,26,https://img-9gag-fun.9cache.com/photo/a7qwK3L_460s.jpg,a869630740ced3c652350b216e730de56ce22cacb617294b902b486c36ed404f
190,jsid-post-aA0gMB0,rustybogart,A change of pace…,37,303,103,https://img-9gag-fun.9cache.com/photo/aA0gMB0_460s.jpg,7c805557e1bb2d5bd3867cf252e5d450dfe92c1e9602b2e0a14ba42e2ec5e24f
191,jsid-post-anz41RB,red__forman,Change my mind,15,81,17,https://img-9gag-fun.9cache.com/photo/anz41RB_460s.jpg,44529eae5b93945b13dfc10c903e9f1454a6833b9824fe5dac7614a3a67de227
192,jsid-post-aA0gMB0,rustybogart,A change of pace…,37,303,103,https://img-9gag-fun.9cache.com/photo/aA0gMB0_460s.jpg,7c805557e1bb2d5bd3867cf252e5d450dfe92c1e9602b2e0a14ba42e2ec5e24f
193,jsid-post-anz41RB,red__forman,Change my mind,15,81,17,https://img-9gag-fun.9cache.com/photo/anz41RB_460s.jpg,44529eae5b93945b13dfc10c903e9f1454a6833b9824fe5dac7614a3a67de227
194,jsid-post-aNw0d8w,koreanjesus88,Be the change you want to see in the world,546,8.8K,458,https://img-9gag-fun.9cache.com/photo/aNw0d8w_460s.jpg,a03e91fea787d14745eb73ec958e4f050c446257b7bc1bc3cabb98a22ecce5cb
195,jsid-post-aWGEL2K,chalabi,"Greta Thunberg takes another brutal second swipe at Andrew Tate .. hate her or love her, you know she is smarter than this moron and defending a serious matter. I don't like her personally but respect what she is defending",41,47,95,https://img-9gag-fun.9cache.com/photo/aWGEL2K_460s.jpg,d8a5eef5b1f655bc48af9bf1e6f1cc46bc5572c6f8310ed0e4ab6894da41f126
196,jsid-post-a5XRzKy,therealestdmd,I don’t think anyone is surprised,265,1.5K,500,https://img-9gag-fun.9cache.com/photo/a5XRzKy_460s.jpg,86417a66146f128ae5b36928de99af4d38087f5ee540ca8a57774696d33ca8d5
197,jsid-post-aPgYOpG,growshreebag,You either are or you aren't,268,6K,604,https://img-9gag-fun.9cache.com/photo/aPgYOpG_460s.jpg,bd8d655e245f72d01d4bb464810aeb2c6571730c0282fc1fd41d5282407f1d3b
198,jsid-post-aRE3Y4M,thedevilbevil45,These people never change,288,5K,635,https://img-9gag-fun.9cache.com/photo/aRE3Y4M_460s.jpg,b5b104e8ee463c7fe63d2c6b40c3a5fefe524f33819cfd942da9423bf8ca1493
199,jsid-post-aNw0d8w,koreanjesus88,Be the change you want to see in the world,546,8.8K,458,https://img-9gag-fun.9cache.com/photo/aNw0d8w_460s.jpg,a03e91fea787d14745eb73ec958e4f050c446257b7bc1bc3cabb98a22ecce5cb
200,jsid-post-aWGEL2K,chalabi,"Greta Thunberg takes another brutal second swipe at Andrew Tate .. hate her or love her, you know she is smarter than this moron and defending a serious matter. I don't like her personally but respect what she is defending",41,47,95,https://img-9gag-fun.9cache.com/photo/aWGEL2K_460s.jpg,d8a5eef5b1f655bc48af9bf1e6f1cc46bc5572c6f8310ed0e4ab6894da41f126
201,jsid-post-a5XRzKy,therealestdmd,I don’t think anyone is surprised,265,1.5K,500,https://img-9gag-fun.9cache.com/photo/a5XRzKy_460s.jpg,86417a66146f128ae5b36928de99af4d38087f5ee540ca8a57774696d33ca8d5
202,jsid-post-aPgYOpG,growshreebag,You either are or you aren't,268,6K,604,https://img-9gag-fun.9cache.com/photo/aPgYOpG_460s.jpg,bd8d655e245f72d01d4bb464810aeb2c6571730c0282fc1fd41d5282407f1d3b
203,jsid-post-aRE3Y4M,thedevilbevil45,These people never change,288,5K,635,https://img-9gag-fun.9cache.com/photo/aRE3Y4M_460s.jpg,b5b104e8ee463c7fe63d2c6b40c3a5fefe524f33819cfd942da9423bf8ca1493
204,jsid-post-ajV5z48,dofus_glue,I wonder why,265,2.9K,109,https://img-9gag-fun.9cache.com/photo/ajV5z48_460s.jpg,97a1d408f85394a92883a5c2e901862e131da934aeaa4160ed51d830bac69bf0
205,jsid-post-a3Zwq43,maggie_may_123,Some things are never gonna change.,13,223,50,https://img-9gag-fun.9cache.com/photo/a3Zwq43_460s.jpg,5e2fd19db5bcdc8d5aff0a115096f6b2720afe98cce821c3301cdcda650826f1
206,jsid-post-a3ZQYYN,uppty,Explanation Please?,72,126,120,https://img-9gag-fun.9cache.com/photo/a3ZQYYN_460s.jpg,15952539cdd7a18e63e9a48f07d4c81862398957fb0c796f9a7a9bf5948959cb
207,jsid-post-aRE7w3A,klammk,"German Police protecting Lignite Coal Mine Expansion against climate protests, 2023",57,252,35,https://img-9gag-fun.9cache.com/photo/aRE7w3A_460s.jpg,72f7520fb1d88771baf4e47b739a92061e64f07aea1322fe3513a555824c2520
208,jsid-post-ajV5z48,dofus_glue,I wonder why,265,2.9K,109,https://img-9gag-fun.9cache.com/photo/ajV5z48_460s.jpg,97a1d408f85394a92883a5c2e901862e131da934aeaa4160ed51d830bac69bf0
209,jsid-post-a3Zwq43,maggie_may_123,Some things are never gonna change.,13,223,50,https://img-9gag-fun.9cache.com/photo/a3Zwq43_460s.jpg,5e2fd19db5bcdc8d5aff0a115096f6b2720afe98cce821c3301cdcda650826f1
210,jsid-post-a3ZQYYN,uppty,Explanation Please?,72,126,120,https://img-9gag-fun.9cache.com/photo/a3ZQYYN_460s.jpg,15952539cdd7a18e63e9a48f07d4c81862398957fb0c796f9a7a9bf5948959cb
211,jsid-post-aRE7w3A,klammk,"German Police protecting Lignite Coal Mine Expansion against climate protests, 2023",57,252,35,https://img-9gag-fun.9cache.com/photo/aRE7w3A_460s.jpg,72f7520fb1d88771baf4e47b739a92061e64f07aea1322fe3513a555824c2520
212,jsid-post-aKE7PGb,mtl2x4,F*** you and see you tomorrow,102,2.3K,86,https://img-9gag-fun.9cache.com/photo/aKE7PGb_460s.jpg,dd167e70f360982e957c6165775931684f5f76e5efc1eafee576167d45b3d175
213,jsid-post-aDY155O,pikara,I will be on it anyway,68,2.3K,218,https://img-9gag-fun.9cache.com/photo/aDY155O_460s.jpg,27a028454a3ce59253644059f57618f97a0eb3a9f0b3d141880f5336d6ca5799
214,jsid-post-armbrrp,palepenisperson,Climate Change,47,106,83,https://img-9gag-fun.9cache.com/photo/armbrrp_460s.jpg,b43746e186b6bb37bb0a90513e40a4ff89cea612d0000bd3a7daffda4729e1df
215,jsid-post-aBdm9Yz,9GAGGER,Me after after regretting all the resolutions I didnt implement in 2022,14,424,75,https://img-9gag-fun.9cache.com/photo/aBdm9Yz_460s.jpg,2eac369668df561221554fb3528d2d3450f008506e23bc4cdc025ecc84d9915b
216,jsid-post-aKE7PGb,mtl2x4,F*** you and see you tomorrow,102,2.3K,86,https://img-9gag-fun.9cache.com/photo/aKE7PGb_460s.jpg,dd167e70f360982e957c6165775931684f5f76e5efc1eafee576167d45b3d175
217,jsid-post-aDY155O,pikara,I will be on it anyway,68,2.3K,218,https://img-9gag-fun.9cache.com/photo/aDY155O_460s.jpg,27a028454a3ce59253644059f57618f97a0eb3a9f0b3d141880f5336d6ca5799
218,jsid-post-armbrrp,palepenisperson,Climate Change,47,106,83,https://img-9gag-fun.9cache.com/photo/armbrrp_460s.jpg,b43746e186b6bb37bb0a90513e40a4ff89cea612d0000bd3a7daffda4729e1df
219,jsid-post-aBdm9Yz,9GAGGER,Me after after regretting all the resolutions I didnt implement in 2022,14,424,75,https://img-9gag-fun.9cache.com/photo/aBdm9Yz_460s.jpg,2eac369668df561221554fb3528d2d3450f008506e23bc4cdc025ecc84d9915b
220,jsid-post-aXnjD42,harrybald,50% effort for 100% sucess,86,569,204,https://img-9gag-fun.9cache.com/photo/aXnjD42_460s.jpg,3a5f5f44fd26ff446bae67a48928454e0efd696f9570c7bc2915aba9668fb334
221,jsid-post-aWGEqv2,9GAGGER,Don't hurt me please,192,5.2K,156,https://img-9gag-fun.9cache.com/photo/aWGEqv2_460s.jpg,edabdd890f8abe5c9f1d73b23c37eed4ad75733d5c7287949bc800586a5adee0
222,jsid-post-abvGpyr,wororororo,The world shall know pain,42,292,82,https://img-9gag-fun.9cache.com/photo/abvGpyr_460s.jpg,faff62971190439ff991a80a92b9fc5569ae0f5c3b1cafe73b5cad9b334d1d4b
223,jsid-post-avQzzzd,rotitelobwg,Wait. Those are not spots,19,1.4K,83,https://img-9gag-fun.9cache.com/photo/avQzzzd_460s.jpg,06d219130140d5d0035b6597a9ab8cf89cb3e94d141b102d07968ef1d9c32bd3
224,jsid-post-aXnjD42,harrybald,50% effort for 100% sucess,86,569,204,https://img-9gag-fun.9cache.com/photo/aXnjD42_460s.jpg,3a5f5f44fd26ff446bae67a48928454e0efd696f9570c7bc2915aba9668fb334
225,jsid-post-aWGEqv2,9GAGGER,Don't hurt me please,192,5.2K,156,https://img-9gag-fun.9cache.com/photo/aWGEqv2_460s.jpg,edabdd890f8abe5c9f1d73b23c37eed4ad75733d5c7287949bc800586a5adee0
226,jsid-post-abvGpyr,wororororo,The world shall know pain,42,292,82,https://img-9gag-fun.9cache.com/photo/abvGpyr_460s.jpg,faff62971190439ff991a80a92b9fc5569ae0f5c3b1cafe73b5cad9b334d1d4b
227,jsid-post-avQzzzd,rotitelobwg,Wait. Those are not spots,19,1.4K,83,https://img-9gag-fun.9cache.com/photo/avQzzzd_460s.jpg,06d219130140d5d0035b6597a9ab8cf89cb3e94d141b102d07968ef1d9c32bd3
228,jsid-post-aVbYwK8,zrkh,OK...,18,86,33,https://img-9gag-fun.9cache.com/photo/aVbYwK8_460s.jpg,ca3f1a2f228fc3bef88c4e3c03d998b4f8f2b92b87640d8b68cb30441746611c
229,jsid-post-abvpBLB,larryloco,Rules for thee but not for me,110,1.2K,266,https://img-9gag-fun.9cache.com/photo/abvpBLB_460s.jpg,0dc832b565627c87db218af8be64a4ffd604e27e11de2284f6c67d7f206119f6
230,jsid-post-a8qoyRp,hutbuerger,"Science, Beach!",129,145,131,https://img-9gag-fun.9cache.com/photo/a8qoyRp_460s.jpg,c8738263f5969d1d6722adc7eecc55d0831eb4837ec48c19e49d715efd730c5f
231,jsid-post-anz5G3z,sanskaar,"Not mine, but who cares..iz facts",84,880,408,https://img-9gag-fun.9cache.com/photo/anz5G3z_460s.jpg,063c9d93a199e62ab04d688ccb2f04db04c0be731c1a8d58e376ce15d014e8b3
232,jsid-post-aVbYwK8,zrkh,OK...,18,86,33,https://img-9gag-fun.9cache.com/photo/aVbYwK8_460s.jpg,ca3f1a2f228fc3bef88c4e3c03d998b4f8f2b92b87640d8b68cb30441746611c
233,jsid-post-abvpBLB,larryloco,Rules for thee but not for me,110,1.2K,266,https://img-9gag-fun.9cache.com/photo/abvpBLB_460s.jpg,0dc832b565627c87db218af8be64a4ffd604e27e11de2284f6c67d7f206119f6
234,jsid-post-a8qoyRp,hutbuerger,"Science, Beach!",129,145,131,https://img-9gag-fun.9cache.com/photo/a8qoyRp_460s.jpg,c8738263f5969d1d6722adc7eecc55d0831eb4837ec48c19e49d715efd730c5f
235,jsid-post-anz5G3z,sanskaar,"Not mine, but who cares..iz facts",84,880,408,https://img-9gag-fun.9cache.com/photo/anz5G3z_460s.jpg,063c9d93a199e62ab04d688ccb2f04db04c0be731c1a8d58e376ce15d014e8b3
236,jsid-post-adP9LMZ,9GAGGER,"Mitron Aaj shaam 5 baje, 5 taarikh ko,puranmaasi ke 5 din baad ye karna hai,jo nahi karega wo Mars chale jaaye",69,598,383,https://img-9gag-fun.9cache.com/photo/adP9LMZ_460s.jpg,8e6e3df4f102a8e532b555f2afb11c249471270f74720f896aa5dd966a42a984
237,jsid-post-anz447L,magilouzam,"Non-simp Sakura, no endless dumb chase, one less Uchiha in general",70,161,115,https://img-9gag-fun.9cache.com/photo/anz447L_460s.jpg,4bea1074acb932e52c73b3b9013efd28843b5a585aafc17afebbe641c0c78fba
238,jsid-post-adP9LMZ,9GAGGER,"Mitron Aaj shaam 5 baje, 5 taarikh ko,puranmaasi ke 5 din baad ye karna hai,jo nahi karega wo Mars chale jaaye",69,598,383,https://img-9gag-fun.9cache.com/photo/adP9LMZ_460s.jpg,8e6e3df4f102a8e532b555f2afb11c249471270f74720f896aa5dd966a42a984
239,jsid-post-anz447L,magilouzam,"Non-simp Sakura, no endless dumb chase, one less Uchiha in general",70,161,115,https://img-9gag-fun.9cache.com/photo/anz447L_460s.jpg,4bea1074acb932e52c73b3b9013efd28843b5a585aafc17afebbe641c0c78fba
240,jsid-post-az21z1B,9GAGGER,Totally normal. Nothing to see here. Climate change. Clearly nothing to do with the clot shot.,53,51,91,https://img-9gag-fun.9cache.com/photo/az21z1B_460s.jpg,21e5c92fa76fc913b5f3e1ac7a6544dc91f39b99ff4af3c88c073d3096a75093
241,jsid-post-aDY1Eb7,lalisaaa,Some things never change,8,418,11,https://img-9gag-fun.9cache.com/photo/aDY1Eb7_460s.jpg,643b5db7ac198a3412c2461c02abc72eb0044590340b5cde31caf0c41d2c713a
242,jsid-post-aL1gZj5,noshertshitlock,Fluid stool is just diarrhea,105,5.8K,298,https://img-9gag-fun.9cache.com/photo/aL1gZj5_460s.jpg,5bb5f3ee6213a33fbbd3ae23f7d9fdf588bb0ead6cb7a3ab16ee2199660adcb3
243,jsid-post-abvrxVv,fcpdm3,Sorry putin,97,608,102,https://img-9gag-fun.9cache.com/photo/abvrxVv_460s.jpg,fa426a86908335fba4cedef474f8d4d494bfcbde87fcb5dcd02e8a99da16570f
244,jsid-post-az21z1B,9GAGGER,Totally normal. Nothing to see here. Climate change. Clearly nothing to do with the clot shot.,53,51,91,https://img-9gag-fun.9cache.com/photo/az21z1B_460s.jpg,21e5c92fa76fc913b5f3e1ac7a6544dc91f39b99ff4af3c88c073d3096a75093
245,jsid-post-aDY1Eb7,lalisaaa,Some things never change,8,418,11,https://img-9gag-fun.9cache.com/photo/aDY1Eb7_460s.jpg,643b5db7ac198a3412c2461c02abc72eb0044590340b5cde31caf0c41d2c713a
246,jsid-post-aL1gZj5,noshertshitlock,Fluid stool is just diarrhea,105,5.8K,298,https://img-9gag-fun.9cache.com/photo/aL1gZj5_460s.jpg,5bb5f3ee6213a33fbbd3ae23f7d9fdf588bb0ead6cb7a3ab16ee2199660adcb3
247,jsid-post-abvrxVv,fcpdm3,Sorry putin,97,608,102,https://img-9gag-fun.9cache.com/photo/abvrxVv_460s.jpg,fa426a86908335fba4cedef474f8d4d494bfcbde87fcb5dcd02e8a99da16570f
248,jsid-post-a5XZBdg,prolowe,It’s never been about climate change.,201,1.7K,213,https://img-9gag-fun.9cache.com/photo/a5XZBdg_460s.jpg,550312e68650718c0adf8ba89c0e7e1502bd4d7b32370b6930f9f4a92438a190
249,jsid-post-ay2xBG8,9GAGGER,Such a mystery... all these excess deaths,120,194,159,https://img-9gag-fun.9cache.com/photo/ay2xBG8_460s.jpg,d8b530e203fd7fa8f4efa8830936cfabadee3f72a9a9f51c734b9432b9ae7733
250,jsid-post-aL101Rx,j_birdi,"Wouldn't even be mad, frame that b*tch.",99,3.2K,101,https://img-9gag-fun.9cache.com/photo/aL101Rx_460s.jpg,b35d1a2ed49cd3b79a4d2f8f8096ce5ecc15f7e0be5425943f765de4055cf786
251,jsid-post-a8qGypp,bluntroller000,Lego Life,13,175,116,https://img-9gag-fun.9cache.com/photo/a8qGypp_460s.jpg,e7210b26f83f7517bd46ec0a7b5b882382b7a34300a0a70aa145c54b307ae79b
252,jsid-post-aGEg98G,sergeblake17,True,132,619,140,https://img-9gag-fun.9cache.com/photo/aGEg98G_460s.jpg,62c1a57fa50b179d49fa18dcdebb0c67264f94fe4aa621553431185a5459e294
253,jsid-post-a5XZBdg,prolowe,It’s never been about climate change.,201,1.7K,213,https://img-9gag-fun.9cache.com/photo/a5XZBdg_460s.jpg,550312e68650718c0adf8ba89c0e7e1502bd4d7b32370b6930f9f4a92438a190
254,jsid-post-ay2xBG8,9GAGGER,Such a mystery... all these excess deaths,120,194,159,https://img-9gag-fun.9cache.com/photo/ay2xBG8_460s.jpg,d8b530e203fd7fa8f4efa8830936cfabadee3f72a9a9f51c734b9432b9ae7733
255,jsid-post-aL101Rx,j_birdi,"Wouldn't even be mad, frame that b*tch.",99,3.2K,101,https://img-9gag-fun.9cache.com/photo/aL101Rx_460s.jpg,b35d1a2ed49cd3b79a4d2f8f8096ce5ecc15f7e0be5425943f765de4055cf786
256,jsid-post-a8qGypp,bluntroller000,Lego Life,13,175,116,https://img-9gag-fun.9cache.com/photo/a8qGypp_460s.jpg,e7210b26f83f7517bd46ec0a7b5b882382b7a34300a0a70aa145c54b307ae79b
257,jsid-post-aGEg98G,sergeblake17,True,132,619,140,https://img-9gag-fun.9cache.com/photo/aGEg98G_460s.jpg,62c1a57fa50b179d49fa18dcdebb0c67264f94fe4aa621553431185a5459e294
258,jsid-post-az2AWGm,makafacka,Coincidence? I think not!,43,2.6K,186,https://img-9gag-fun.9cache.com/photo/az2AWGm_460s.jpg,61705ac3905d52ec6e56e1533d243aec77ba8cc69b1ebc6e79068c7e6242f471
259,jsid-post-a04N5AZ,cookiebinary,"Tell that to Netflix, HBO and others..",31,180,78,https://img-9gag-fun.9cache.com/photo/a04N5AZ_460s.jpg,f6b2608c710b5e5a1491d532947e394d358f09b776d53da551a9113966102749
260,jsid-post-aoKeNb3,guardianhamza,Most consoles change too,111,1.1K,116,https://img-9gag-fun.9cache.com/photo/aoKeNb3_460s.jpg,99d577cc614232e8f8c92b5e706baceb86de091d8c74d12c58d7180d1686c7ef
261,jsid-post-aMEZpdM,9GAGGER,Happy political fights everyone.,310,3.9K,163,https://img-9gag-fun.9cache.com/photo/aMEZpdM_460s.jpg,fd5ff9d9c957e1e95e90237eaf11c58635a801cb63791aa03ffb5f7d1edbe202
262,jsid-post-a3ZK7n7,robber77,Rebecca level signaling,138,156,124,https://img-9gag-fun.9cache.com/photo/a3ZK7n7_460s.jpg,23e786e7b27b8c84a7f260f399f8d7efea473a8953e6d89bfd7d84cbf7076d77
263,jsid-post-az2AWGm,makafacka,Coincidence? I think not!,43,2.6K,186,https://img-9gag-fun.9cache.com/photo/az2AWGm_460s.jpg,61705ac3905d52ec6e56e1533d243aec77ba8cc69b1ebc6e79068c7e6242f471
264,jsid-post-a04N5AZ,cookiebinary,"Tell that to Netflix, HBO and others..",31,180,78,https://img-9gag-fun.9cache.com/photo/a04N5AZ_460s.jpg,f6b2608c710b5e5a1491d532947e394d358f09b776d53da551a9113966102749
265,jsid-post-aoKeNb3,guardianhamza,Most consoles change too,111,1.1K,116,https://img-9gag-fun.9cache.com/photo/aoKeNb3_460s.jpg,99d577cc614232e8f8c92b5e706baceb86de091d8c74d12c58d7180d1686c7ef
266,jsid-post-aMEZpdM,9GAGGER,Happy political fights everyone.,310,3.9K,163,https://img-9gag-fun.9cache.com/photo/aMEZpdM_460s.jpg,fd5ff9d9c957e1e95e90237eaf11c58635a801cb63791aa03ffb5f7d1edbe202
267,jsid-post-a3ZK7n7,robber77,Rebecca level signaling,138,156,124,https://img-9gag-fun.9cache.com/photo/a3ZK7n7_460s.jpg,23e786e7b27b8c84a7f260f399f8d7efea473a8953e6d89bfd7d84cbf7076d77
268,jsid-post-aRE7g7Q,9GAGGER,Dads are Best Moms,331,10K,387,https://img-9gag-fun.9cache.com/photo/aRE7g7Q_460s.jpg,7eb58078138526132de9c5dbe4db81692123de7457c20dad5860fb858d721d1b
269,jsid-post-ajV53bq,9GAGGER,Covid-Geimpfte stehen an,17,122,100,https://img-9gag-fun.9cache.com/photo/ajV53bq_460s.jpg,9e43e07f45ea039aae2a8f5489e0f57b0bafe1b37264d048ecbe554f2f16d994
270,jsid-post-ago5e2w,windoge81,Better to leave it,18,290,38,https://img-9gag-fun.9cache.com/photo/ago5e2w_460s.jpg,40a8c5113bbb750337705dcab7caedcdd06584ad32692670d76f1e312ff66dcc
271,jsid-post-aRE7g7Q,9GAGGER,Dads are Best Moms,331,10K,387,https://img-9gag-fun.9cache.com/photo/aRE7g7Q_460s.jpg,7eb58078138526132de9c5dbe4db81692123de7457c20dad5860fb858d721d1b
272,jsid-post-ajV53bq,9GAGGER,Covid-Geimpfte stehen an,17,122,100,https://img-9gag-fun.9cache.com/photo/ajV53bq_460s.jpg,9e43e07f45ea039aae2a8f5489e0f57b0bafe1b37264d048ecbe554f2f16d994
273,jsid-post-ago5e2w,windoge81,Better to leave it,18,290,38,https://img-9gag-fun.9cache.com/photo/ago5e2w_460s.jpg,40a8c5113bbb750337705dcab7caedcdd06584ad32692670d76f1e312ff66dcc
274,jsid-post-a1PQZ7v,9GAGGER,2022 and climate change is still misrepresented.,47,43,51,https://img-9gag-fun.9cache.com/photo/a1PQZ7v_460s.jpg,b553d21b211ed5a231de741d9058931b4026c8a7424b7247b7448323bc305457
275,jsid-post-anz5zqn,placebo253,Culture acquisition - let's start the Thread!,175,969,258,https://img-9gag-fun.9cache.com/photo/anz5zqn_460s.jpg,085fc83a692b3d77c69e4fdc2e7706395780dc68b42747b5b4e6cde0188624d7
276,jsid-post-axozp4M,anroc,Straight,6,96,53,https://img-9gag-fun.9cache.com/photo/axozp4M_460s.jpg,9060c0ceadcdc0e07e1e1cff146385de9b205f7c516846d707bfaedd908e9fb0
277,jsid-post-aKEd3AN,9GAGGER,Women,703,14K,1.1K,https://img-9gag-fun.9cache.com/photo/aKEd3AN_460s.jpg,6415fbd819b4ece12fb177b4fd8b771008ddf4147370fb9956a363596d2e09ae
278,jsid-post-a1PQZ7v,9GAGGER,2022 and climate change is still misrepresented.,47,43,51,https://img-9gag-fun.9cache.com/photo/a1PQZ7v_460s.jpg,b553d21b211ed5a231de741d9058931b4026c8a7424b7247b7448323bc305457
279,jsid-post-anz5zqn,placebo253,Culture acquisition - let's start the Thread!,175,969,258,https://img-9gag-fun.9cache.com/photo/anz5zqn_460s.jpg,085fc83a692b3d77c69e4fdc2e7706395780dc68b42747b5b4e6cde0188624d7
280,jsid-post-axozp4M,anroc,Straight,6,96,53,https://img-9gag-fun.9cache.com/photo/axozp4M_460s.jpg,9060c0ceadcdc0e07e1e1cff146385de9b205f7c516846d707bfaedd908e9fb0
281,jsid-post-aKEd3AN,9GAGGER,Women,703,14K,1.1K,https://img-9gag-fun.9cache.com/photo/aKEd3AN_460s.jpg,6415fbd819b4ece12fb177b4fd8b771008ddf4147370fb9956a363596d2e09ae
282,jsid-post-a7qwLDq,ned35,"ALWAYS GIVE UP ON WHAT YOU BELIEVE, OTHER PEOPLE ARE ALWAYS RIGHT d_O_b",137,2.8K,202,https://img-9gag-fun.9cache.com/photo/a7qwLDq_460s.jpg,57cdd6f1921fd435618cc75860660d26388298e00856ba20c4cc7214b56a1f39
283,jsid-post-adP56QZ,vicvinegar5,It's true,23,627,60,https://img-9gag-fun.9cache.com/photo/adP56QZ_460s.jpg,209af7e6a701e8429d179a6a0e8563826f2494ed5450b979b79f78d2c569892a
284,jsid-post-aGEZPz0,white_circle,90's problems we solved with climate change,11,21,12,https://img-9gag-fun.9cache.com/photo/aGEZPz0_460s.jpg,18c17b2160dffb2db771d2255f1d23eff03de218d2f440fb49b74bcba3121ea2
285,jsid-post-a7qwLDq,ned35,"ALWAYS GIVE UP ON WHAT YOU BELIEVE, OTHER PEOPLE ARE ALWAYS RIGHT d_O_b",137,2.8K,202,https://img-9gag-fun.9cache.com/photo/a7qwLDq_460s.jpg,57cdd6f1921fd435618cc75860660d26388298e00856ba20c4cc7214b56a1f39
286,jsid-post-adP56QZ,vicvinegar5,It's true,23,627,60,https://img-9gag-fun.9cache.com/photo/adP56QZ_460s.jpg,209af7e6a701e8429d179a6a0e8563826f2494ed5450b979b79f78d2c569892a
287,jsid-post-aGEZPz0,white_circle,90's problems we solved with climate change,11,21,12,https://img-9gag-fun.9cache.com/photo/aGEZPz0_460s.jpg,18c17b2160dffb2db771d2255f1d23eff03de218d2f440fb49b74bcba3121ea2
288,jsid-post-a4oR2O1,9GAGGER,I wonder why she's not on 9gag?,32,178,68,https://img-9gag-fun.9cache.com/photo/a4oR2O1_460s.jpg,4bd3bc14a86ec3742e9d58a6cda23867acbd454837691a025aa574ce90728614
289,jsid-post-a3ZKOG3,wororororo,"Well, people change,",61,936,132,https://img-9gag-fun.9cache.com/photo/a3ZKOG3_460s.jpg,d8f46c843b474873cd257b0db338aa1fa86dc834fbec02e904b41b260ad8f407
290,jsid-post-aNwYOyG,thousandyears10,"China has tightened its definition of COVID-19-related deaths, only counting respiratory failure toward its total count.",118,580,70,https://img-9gag-fun.9cache.com/photo/aNwYOyG_460s.jpg,678e7ee9e4e2cef7ddecb2c9b642b1285a3c0c38ae60f9dc5a2e27bc3cb3379c
291,jsid-post-a7qMxgm,daxridon,So ein Depp,93,777,101,https://img-9gag-fun.9cache.com/photo/a7qMxgm_460s.jpg,b6a14842abd2e6ec050e50d6a41c04710a14d671af3eb17c118bc2a27d5dcef2
292,jsid-post-a4oR2O1,9GAGGER,I wonder why she's not on 9gag?,32,178,68,https://img-9gag-fun.9cache.com/photo/a4oR2O1_460s.jpg,4bd3bc14a86ec3742e9d58a6cda23867acbd454837691a025aa574ce90728614
293,jsid-post-a3ZKOG3,wororororo,"Well, people change,",61,936,132,https://img-9gag-fun.9cache.com/photo/a3ZKOG3_460s.jpg,d8f46c843b474873cd257b0db338aa1fa86dc834fbec02e904b41b260ad8f407
294,jsid-post-aNwYOyG,thousandyears10,"China has tightened its definition of COVID-19-related deaths, only counting respiratory failure toward its total count.",118,580,70,https://img-9gag-fun.9cache.com/photo/aNwYOyG_460s.jpg,678e7ee9e4e2cef7ddecb2c9b642b1285a3c0c38ae60f9dc5a2e27bc3cb3379c
295,jsid-post-a7qMxgm,daxridon,So ein Depp,93,777,101,https://img-9gag-fun.9cache.com/photo/a7qMxgm_460s.jpg,b6a14842abd2e6ec050e50d6a41c04710a14d671af3eb17c118bc2a27d5dcef2
296,jsid-post-aYVgNGw,9GAGGER,"Wait, What?",152,243,232,https://img-9gag-fun.9cache.com/photo/aYVgNGw_460s.jpg,71c09d5d7ae51f62b3b9372a620c9c35a5ad0f5152e08c2d601eb3a262b09ca0
297,jsid-post-a8qGMX1,butterfly_69,Fk sake,12,245,70,https://img-9gag-fun.9cache.com/photo/a8qGMX1_460s.jpg,1f213c8d3f70a7367382f69888883b61126d3fe08002e0ceb6acdd127404014b
298,jsid-post-az2XbVb,gugugaga1212,And they tell us the water level will rise dramatically...,29,45,85,https://img-9gag-fun.9cache.com/photo/az2XbVb_460s.jpg,4196e32926a7065fbf26068e3e2647bb35d5e2e0342ddc2aa70800e8c722fe13
299,jsid-post-ay2o4vM,snai5era,"How the characters of ""Breaking Bad"" have changed",8,335,73,https://img-9gag-fun.9cache.com/photo/ay2o4vM_460s.jpg,71b5ca39f0629de32a49fae02041e4c2d4a98a82729131f783ac6424031593ad
300,jsid-post-aYVgNGw,9GAGGER,"Wait, What?",152,243,232,https://img-9gag-fun.9cache.com/photo/aYVgNGw_460s.jpg,71c09d5d7ae51f62b3b9372a620c9c35a5ad0f5152e08c2d601eb3a262b09ca0
301,jsid-post-a8qGMX1,butterfly_69,Fk sake,12,245,70,https://img-9gag-fun.9cache.com/photo/a8qGMX1_460s.jpg,1f213c8d3f70a7367382f69888883b61126d3fe08002e0ceb6acdd127404014b
302,jsid-post-az2XbVb,gugugaga1212,And they tell us the water level will rise dramatically...,29,45,85,https://img-9gag-fun.9cache.com/photo/az2XbVb_460s.jpg,4196e32926a7065fbf26068e3e2647bb35d5e2e0342ddc2aa70800e8c722fe13
303,jsid-post-ay2o4vM,snai5era,"How the characters of ""Breaking Bad"" have changed",8,335,73,https://img-9gag-fun.9cache.com/photo/ay2o4vM_460s.jpg,71b5ca39f0629de32a49fae02041e4c2d4a98a82729131f783ac6424031593ad
304,jsid-post-aXnYbN6,jepzn,I lose faith in humanity every day,42,26,19,https://img-9gag-fun.9cache.com/photo/aXnYbN6_460s.jpg,3354096c001579b0f90c0d415b826119180072e7889bc5fb5616de24dcdbdc76
305,jsid-post-aREK715,larryloco,Rules for thee but not for me,269,3.4K,180,https://img-9gag-fun.9cache.com/photo/aREK715_460s.jpg,2dde581620150ce8fe03ed67e27114c69e7c337137b2796859bf24a33f37fce9
306,jsid-post-az211EZ,summonar,Change tbe way you look at things,37,479,138,https://img-9gag-fun.9cache.com/photo/az211EZ_460s.jpg,6f23aefc87456333db8a528803cc19f8974ebec4af23232eade2bab589619675
307,jsid-post-a1PRXVb,greenmartin2812,Seem not much but its a disaster,9,22,31,https://img-9gag-fun.9cache.com/photo/a1PRXVb_460s.jpg,39352a74c41e0e501f1f79153ff407cf0fac6ee745d2c227643378ae6f291255
308,jsid-post-aXnYbN6,jepzn,I lose faith in humanity every day,42,26,19,https://img-9gag-fun.9cache.com/photo/aXnYbN6_460s.jpg,3354096c001579b0f90c0d415b826119180072e7889bc5fb5616de24dcdbdc76
309,jsid-post-aREK715,larryloco,Rules for thee but not for me,269,3.4K,180,https://img-9gag-fun.9cache.com/photo/aREK715_460s.jpg,2dde581620150ce8fe03ed67e27114c69e7c337137b2796859bf24a33f37fce9
310,jsid-post-az211EZ,summonar,Change tbe way you look at things,37,479,138,https://img-9gag-fun.9cache.com/photo/az211EZ_460s.jpg,6f23aefc87456333db8a528803cc19f8974ebec4af23232eade2bab589619675
311,jsid-post-a1PRXVb,greenmartin2812,Seem not much but its a disaster,9,22,31,https://img-9gag-fun.9cache.com/photo/a1PRXVb_460s.jpg,39352a74c41e0e501f1f79153ff407cf0fac6ee745d2c227643378ae6f291255
312,jsid-post-a2KWP2D,4doorsmorehores,Big brain time!,219,4.6K,248,https://img-9gag-fun.9cache.com/photo/a2KWP2D_460s.jpg,e8d92b281599ee1d6888bc60957ac93c6e7ff3655d77a41c46cc87925c738941
313,jsid-post-a2KWP2D,4doorsmorehores,Big brain time!,219,4.6K,248,https://img-9gag-fun.9cache.com/photo/a2KWP2D_460s.jpg,e8d92b281599ee1d6888bc60957ac93c6e7ff3655d77a41c46cc87925c738941
314,jsid-post-a3ZwQ57,9GAGGER,Bolsonarist = s0yjack and you can't change my mind.,28,147,135,https://img-9gag-fun.9cache.com/photo/a3ZwQ57_460s.jpg,45d244e69f714ce88c2d3fade52684f1e349417048c71c9d133920037556b4e4
315,jsid-post-aRE1gmG,etr1uss,Hes a changed man now,48,1.6K,141,https://img-9gag-fun.9cache.com/photo/aRE1gmG_460s.jpg,74ed25ced6cdc3dbf5aa5312288989384d3f883b36a660739835287d393c3cf8
316,jsid-post-adP5LDV,spreaditdaddy,"Had a Hyundai. Learned it the wrong, hard, painful, expensive way.",169,1.2K,125,https://img-9gag-fun.9cache.com/photo/adP5LDV_460s.jpg,c61b0f89be651914d381697056cbd721a487a594d17f0115234a4ba4f7ccdc82
317,jsid-post-a3ZwQ57,9GAGGER,Bolsonarist = s0yjack and you can't change my mind.,28,147,135,https://img-9gag-fun.9cache.com/photo/a3ZwQ57_460s.jpg,45d244e69f714ce88c2d3fade52684f1e349417048c71c9d133920037556b4e4
318,jsid-post-aRE1gmG,etr1uss,Hes a changed man now,48,1.6K,141,https://img-9gag-fun.9cache.com/photo/aRE1gmG_460s.jpg,74ed25ced6cdc3dbf5aa5312288989384d3f883b36a660739835287d393c3cf8
319,jsid-post-adP5LDV,spreaditdaddy,"Had a Hyundai. Learned it the wrong, hard, painful, expensive way.",169,1.2K,125,https://img-9gag-fun.9cache.com/photo/adP5LDV_460s.jpg,c61b0f89be651914d381697056cbd721a487a594d17f0115234a4ba4f7ccdc82
320,jsid-post-aVb09EM,randomhuman369,What do Klaus and his friends have for us this year?,6,21,30,https://img-9gag-fun.9cache.com/photo/aVb09EM_460s.jpg,1540d7894a988911ed90f89e1403829dfbf60fd0f9cb6b6d89228a7a1bbabc15
321,jsid-post-amAvzw2,alpacollama,"Even in AE, Skyrim don't change",13,90,17,https://img-9gag-fun.9cache.com/photo/amAvzw2_460s.jpg,65f473a96a5d5f7cc34930ee47a135257f218b0513d76f2b40326290332c86b1
322,jsid-post-avQO8bW,wisemanforsure,“Climate change wreaking havoc on our planet.” You people still buy that climate apocalypse stuff?,70,127,62,https://img-9gag-fun.9cache.com/photo/avQO8bW_460s.jpg,1fbe0c0e7801df8c9522d4a74bccf79725a13aedda6235c878a4b3dd119e50e4
323,jsid-post-aVb09EM,randomhuman369,What do Klaus and his friends have for us this year?,6,21,30,https://img-9gag-fun.9cache.com/photo/aVb09EM_460s.jpg,1540d7894a988911ed90f89e1403829dfbf60fd0f9cb6b6d89228a7a1bbabc15
324,jsid-post-amAvzw2,alpacollama,"Even in AE, Skyrim don't change",13,90,17,https://img-9gag-fun.9cache.com/photo/amAvzw2_460s.jpg,65f473a96a5d5f7cc34930ee47a135257f218b0513d76f2b40326290332c86b1
325,jsid-post-avQO8bW,wisemanforsure,“Climate change wreaking havoc on our planet.” You people still buy that climate apocalypse stuff?,70,127,62,https://img-9gag-fun.9cache.com/photo/avQO8bW_460s.jpg,1fbe0c0e7801df8c9522d4a74bccf79725a13aedda6235c878a4b3dd119e50e4
326,jsid-post-a1PWo0R,9GAGGER,Just so you know,412,6.1K,564,https://img-9gag-fun.9cache.com/photo/a1PWo0R_460s.jpg,6fa1edde08a493d96993754e73bf26b2d29ae3f88b04a07d4eee3d34a14c163a
327,jsid-post-aNwYy1A,arabian1,Hippies caused global warming with their nuclear-phobia. Change my mind.,33,24,26,https://img-9gag-fun.9cache.com/photo/aNwYy1A_460s.jpg,3994b06d72042940c4d3a2053777c0277db4a20267b62faa3c3f0d07d4ea327f
328,jsid-post-a6qobPe,inexwolf,"Climate change isn't real, it's snowing in Canada!",57,81,134,https://img-9gag-fun.9cache.com/photo/a6qobPe_460s.jpg,f826953271658bca8d580e0e4860ed7193066a87d75f0fe06f583cabb633ff91
329,jsid-post-awZXj5B,donaldmir,"Samples were taken from 13 patients undergoing surgery & microplastics were found in 11 cases... polypropylene, used in packaging & pipes and PET, used in bottles.",596,5.8K,232,https://img-9gag-fun.9cache.com/photo/awZXj5B_460s.jpg,111f285339c24d49e9a910dc677688b711fbc68aace6515cc9e9a4d30440e166
330,jsid-post-a1PWo0R,9GAGGER,Just so you know,412,6.1K,564,https://img-9gag-fun.9cache.com/photo/a1PWo0R_460s.jpg,6fa1edde08a493d96993754e73bf26b2d29ae3f88b04a07d4eee3d34a14c163a
331,jsid-post-aNwYy1A,arabian1,Hippies caused global warming with their nuclear-phobia. Change my mind.,33,24,26,https://img-9gag-fun.9cache.com/photo/aNwYy1A_460s.jpg,3994b06d72042940c4d3a2053777c0277db4a20267b62faa3c3f0d07d4ea327f
332,jsid-post-a6qobPe,inexwolf,"Climate change isn't real, it's snowing in Canada!",57,81,134,https://img-9gag-fun.9cache.com/photo/a6qobPe_460s.jpg,f826953271658bca8d580e0e4860ed7193066a87d75f0fe06f583cabb633ff91
333,jsid-post-awZXj5B,donaldmir,"Samples were taken from 13 patients undergoing surgery & microplastics were found in 11 cases... polypropylene, used in packaging & pipes and PET, used in bottles.",596,5.8K,232,https://img-9gag-fun.9cache.com/photo/awZXj5B_460s.jpg,111f285339c24d49e9a910dc677688b711fbc68aace6515cc9e9a4d30440e166
334,jsid-post-aRE3vWB,aimsick,"They love it, change my mind",163,5.2K,322,https://img-9gag-fun.9cache.com/photo/aRE3vWB_460s.jpg,cac84c09f49caa3fb124d479f77e34f55216ae928733d694ed33c17814a103d9
335,jsid-post-a4oR6jd,blitzzro,Change my mind !,4,66,36,https://img-9gag-fun.9cache.com/photo/a4oR6jd_460s.jpg,e2087c747de071adced5c679fe7401638b204b94993fec8ba5ef4725c7bcc9ac
336,jsid-post-a2KZvXD,voinstvasht,Seems about right,91,150,267,https://img-9gag-fun.9cache.com/photo/a2KZvXD_460s.jpg,491217bc506d12d6ecdd08888b486843fdb350b63e78947e0b0f92bca0af2c70
337,jsid-post-a8q5QWV,kanguru666,Are you not culturally enriched yet? Let's change that in 2023,164,685,184,https://img-9gag-fun.9cache.com/photo/a8q5QWV_460s.jpg,9dc72005f43b78b038300ec32430db8905409183a53b2ec56b8b516bab86808e
338,jsid-post-aRE3vWB,aimsick,"They love it, change my mind",163,5.2K,322,https://img-9gag-fun.9cache.com/photo/aRE3vWB_460s.jpg,cac84c09f49caa3fb124d479f77e34f55216ae928733d694ed33c17814a103d9
339,jsid-post-a4oR6jd,blitzzro,Change my mind !,4,66,36,https://img-9gag-fun.9cache.com/photo/a4oR6jd_460s.jpg,e2087c747de071adced5c679fe7401638b204b94993fec8ba5ef4725c7bcc9ac
340,jsid-post-a2KZvXD,voinstvasht,Seems about right,91,150,267,https://img-9gag-fun.9cache.com/photo/a2KZvXD_460s.jpg,491217bc506d12d6ecdd08888b486843fdb350b63e78947e0b0f92bca0af2c70
341,jsid-post-a8q5QWV,kanguru666,Are you not culturally enriched yet? Let's change that in 2023,164,685,184,https://img-9gag-fun.9cache.com/photo/a8q5QWV_460s.jpg,9dc72005f43b78b038300ec32430db8905409183a53b2ec56b8b516bab86808e
342,jsid-post-a6qO38A,blindfoldmonky,Henry is playing us all,259,6.2K,254,https://img-9gag-fun.9cache.com/photo/a6qO38A_460s.jpg,174114d0f036da34e5235ac643dbae549d1e459883ef7a9e483e79deb28cedf8
343,jsid-post-armoXB5,rocklongcat,Chief mechanic supervising an oil change.,1,171,19,https://img-9gag-fun.9cache.com/photo/armoXB5_460s.jpg,25ba1bba9077ff28187b54cb34c34038a5e5cfec28611a5cb300643f327f4b1a
344,jsid-post-a5XMo4L,jermzsticky,Random fact # 541,65,1.1K,92,https://img-9gag-fun.9cache.com/photo/a5XMo4L_460s.jpg,277a072164e81d04836c6e123d8d27ec3ada23d1c13399dc527f40ef65c15769
345,jsid-post-aNwYVY6,9GAGGER,Change in female beauty standards over time 1957-2005,197,2.9K,230,https://img-9gag-fun.9cache.com/photo/aNwYVY6_460s.jpg,1a90ceef9c4e0f1e6858170a3d041b2cd554c5f967d170fe9fef42ab423d6eee
346,jsid-post-a1PWdKY,flyingbbbb,They change absolutely nothing,10,39,24,https://img-9gag-fun.9cache.com/photo/a1PWdKY_460s.jpg,0f972277fefdfe179690621e374e8ed6787a8ae186c878ea048050cc03eca443
347,jsid-post-a6qO38A,blindfoldmonky,Henry is playing us all,259,6.2K,254,https://img-9gag-fun.9cache.com/photo/a6qO38A_460s.jpg,174114d0f036da34e5235ac643dbae549d1e459883ef7a9e483e79deb28cedf8
348,jsid-post-armoXB5,rocklongcat,Chief mechanic supervising an oil change.,1,171,19,https://img-9gag-fun.9cache.com/photo/armoXB5_460s.jpg,25ba1bba9077ff28187b54cb34c34038a5e5cfec28611a5cb300643f327f4b1a
349,jsid-post-a5XMo4L,jermzsticky,Random fact # 541,65,1.1K,92,https://img-9gag-fun.9cache.com/photo/a5XMo4L_460s.jpg,277a072164e81d04836c6e123d8d27ec3ada23d1c13399dc527f40ef65c15769
350,jsid-post-aNwYVY6,9GAGGER,Change in female beauty standards over time 1957-2005,197,2.9K,230,https://img-9gag-fun.9cache.com/photo/aNwYVY6_460s.jpg,1a90ceef9c4e0f1e6858170a3d041b2cd554c5f967d170fe9fef42ab423d6eee
351,jsid-post-a1PWdKY,flyingbbbb,They change absolutely nothing,10,39,24,https://img-9gag-fun.9cache.com/photo/a1PWdKY_460s.jpg,0f972277fefdfe179690621e374e8ed6787a8ae186c878ea048050cc03eca443
352,jsid-post-aOxYKVE,dsmemes88,There was ice on my lawn this morning,217,429,441,https://img-9gag-fun.9cache.com/photo/aOxYKVE_460s.jpg,82be599d1dd8ddab9a7fed32dcb848a8baa81d5859708156e66774fff69fba84
353,jsid-post-aEqP1Rp,9GAGGER,"AMD, Intel, NVIDIA, Apple, Tesla ...",63,390,86,https://img-9gag-fun.9cache.com/photo/aEqP1Rp_460s.jpg,d51177b0feae386d3cefeea5ca9dd1e358fc1f0adc945abbf424c8e852cb9d30
354,jsid-post-a9qn7q0,geoff_scoggins,Just need to change my name,6,71,23,https://img-9gag-fun.9cache.com/photo/a9qn7q0_460s.jpg,0d78e5ccc4c8e9db77b0de05908302af523df515aa95b78fec7fa5ab5d4c9ec0
355,jsid-post-aeQ5nPp,livinadream76,Change my mind,2,40,10,https://img-9gag-fun.9cache.com/photo/aeQ5nPp_460s.jpg,99dcc1d45f86007e72cfa16e032772c99141ec1b99aaabacf82426c47d7ab318
356,jsid-post-aOxYKVE,dsmemes88,There was ice on my lawn this morning,217,429,441,https://img-9gag-fun.9cache.com/photo/aOxYKVE_460s.jpg,82be599d1dd8ddab9a7fed32dcb848a8baa81d5859708156e66774fff69fba84
357,jsid-post-aEqP1Rp,9GAGGER,"AMD, Intel, NVIDIA, Apple, Tesla ...",63,390,86,https://img-9gag-fun.9cache.com/photo/aEqP1Rp_460s.jpg,d51177b0feae386d3cefeea5ca9dd1e358fc1f0adc945abbf424c8e852cb9d30
358,jsid-post-a9qn7q0,geoff_scoggins,Just need to change my name,6,71,23,https://img-9gag-fun.9cache.com/photo/a9qn7q0_460s.jpg,0d78e5ccc4c8e9db77b0de05908302af523df515aa95b78fec7fa5ab5d4c9ec0
359,jsid-post-aeQ5nPp,livinadream76,Change my mind,2,40,10,https://img-9gag-fun.9cache.com/photo/aeQ5nPp_460s.jpg,99dcc1d45f86007e72cfa16e032772c99141ec1b99aaabacf82426c47d7ab318
360,jsid-post-ap9mZ4E,nicoinsysbox,Store policy,77,11K,196,https://img-9gag-fun.9cache.com/photo/ap9mZ4E_460s.jpg,38832ccde9619bd02ed0998979231cc6b9e60ae1e5610ceef52a36f0a4fcee58
361,jsid-post-a9qr75m,brazil_ball1,"Meet the new and improved Greta: Sophia Kianni, 20, is an advisor to the UN Secretary General on climate",141,450,186,https://img-9gag-fun.9cache.com/photo/a9qr75m_460s.jpg,84d88b283e2993d818563fb00885c71067f15407b185bc81116281583916307b
362,jsid-post-aA0gzp9,abielxd,How the turntables,154,3.2K,122,https://img-9gag-fun.9cache.com/photo/aA0gzp9_460s.jpg,62c5722eca3426c4ef6d2f66dfe232223a995aa23755c5306e1679a20b749fa0
363,jsid-post-agong9x,sifflord,Change my mind,19,224,64,https://img-9gag-fun.9cache.com/photo/agong9x_460s.jpg,ad475675fa927d28ff9ba0b387c89a4f3645b32834c610aae5622cb016c223f9
364,jsid-post-ap9mZ4E,nicoinsysbox,Store policy,77,11K,196,https://img-9gag-fun.9cache.com/photo/ap9mZ4E_460s.jpg,38832ccde9619bd02ed0998979231cc6b9e60ae1e5610ceef52a36f0a4fcee58
365,jsid-post-a9qr75m,brazil_ball1,"Meet the new and improved Greta: Sophia Kianni, 20, is an advisor to the UN Secretary General on climate",141,450,186,https://img-9gag-fun.9cache.com/photo/a9qr75m_460s.jpg,84d88b283e2993d818563fb00885c71067f15407b185bc81116281583916307b
366,jsid-post-aA0gzp9,abielxd,How the turntables,154,3.2K,122,https://img-9gag-fun.9cache.com/photo/aA0gzp9_460s.jpg,62c5722eca3426c4ef6d2f66dfe232223a995aa23755c5306e1679a20b749fa0
367,jsid-post-agong9x,sifflord,Change my mind,19,224,64,https://img-9gag-fun.9cache.com/photo/agong9x_460s.jpg,ad475675fa927d28ff9ba0b387c89a4f3645b32834c610aae5622cb016c223f9
368,jsid-post-a4oRQ9A,nehpetskelly,I am very easily amused,56,4.2K,228,https://img-9gag-fun.9cache.com/photo/a4oRQ9A_460s.jpg,a0614af0a112d0bd84399ac9ad1fa01d60b5c08138b5686fc9a3a8a601207846
369,jsid-post-aoK51Zw,mistapookie,"Also if you’re fat now, you were already fat before Christmas. Change is within you.",129,5.9K,685,https://img-9gag-fun.9cache.com/photo/aoK51Zw_460s.jpg,c5adbadd5fc6e05d9d556a6e613841e4dfdae7c0e85fdba1a317cb1a535a1ff7
370,jsid-post-ap95rA5,aaronwlf13,It is.,21,284,78,https://img-9gag-fun.9cache.com/photo/ap95rA5_460s.jpg,05e5f2c42ec95940b80217b77020818de2d3e001e8990ad2892db8440d13d08d
371,jsid-post-a4oRQ9A,nehpetskelly,I am very easily amused,56,4.2K,228,https://img-9gag-fun.9cache.com/photo/a4oRQ9A_460s.jpg,a0614af0a112d0bd84399ac9ad1fa01d60b5c08138b5686fc9a3a8a601207846
372,jsid-post-aoK51Zw,mistapookie,"Also if you’re fat now, you were already fat before Christmas. Change is within you.",129,5.9K,685,https://img-9gag-fun.9cache.com/photo/aoK51Zw_460s.jpg,c5adbadd5fc6e05d9d556a6e613841e4dfdae7c0e85fdba1a317cb1a535a1ff7
373,jsid-post-ap95rA5,aaronwlf13,It is.,21,284,78,https://img-9gag-fun.9cache.com/photo/ap95rA5_460s.jpg,05e5f2c42ec95940b80217b77020818de2d3e001e8990ad2892db8440d13d08d
374,jsid-post-amA5ebo,doggnar,How inheritance works,63,3.3K,170,https://img-9gag-fun.9cache.com/photo/amA5ebo_460s.jpg,056e31f087757315863c6edcff217998509cf0a49eb0be94c72cd35b1cfe29d8
375,jsid-post-aYVyob2,suckmywick420,Who is this free thinker and why ain’t he president?,39,48,58,https://img-9gag-fun.9cache.com/photo/aYVyob2_460s.jpg,acb5b8c93d9e1f68755b72c553d400164bd3f2e761e0d3eeea322b4fd41f5993
376,jsid-post-aWGYQrd,yusuffles,Epstein?,39,2.1K,73,https://img-9gag-fun.9cache.com/photo/aWGYQrd_460s.jpg,f4b31aeffd9c39df9beeb940da085b931f5625f025e1963abb94242949973cb7
377,jsid-post-amA5ebo,doggnar,How inheritance works,63,3.3K,170,https://img-9gag-fun.9cache.com/photo/amA5ebo_460s.jpg,056e31f087757315863c6edcff217998509cf0a49eb0be94c72cd35b1cfe29d8
378,jsid-post-aYVyob2,suckmywick420,Who is this free thinker and why ain’t he president?,39,48,58,https://img-9gag-fun.9cache.com/photo/aYVyob2_460s.jpg,acb5b8c93d9e1f68755b72c553d400164bd3f2e761e0d3eeea322b4fd41f5993
379,jsid-post-aWGYQrd,yusuffles,Epstein?,39,2.1K,73,https://img-9gag-fun.9cache.com/photo/aWGYQrd_460s.jpg,f4b31aeffd9c39df9beeb940da085b931f5625f025e1963abb94242949973cb7
380,jsid-post-aoK55on,flyingbbbb,Tyranids after the dataslate romours,10,160,26,https://img-9gag-fun.9cache.com/photo/aoK55on_460s.jpg,9de8c6433774c095bfd0c1ace6b7d06189d43f9fe1bf611a79e1201771e23ad2
381,jsid-post-aYVKdgx,9GAGGER,It is indeed plant-based,34,260,64,https://img-9gag-fun.9cache.com/photo/aYVKdgx_460s.jpg,af0d4795f8db70dfa2d4a55cfd3db7a355041de21d0461a85f9b684dcd19632a
382,jsid-post-agon0Gx,snoffeest,Fight climate change,1,10,9,https://img-9gag-fun.9cache.com/photo/agon0Gx_460s.jpg,c45c5b55b16de5d96ff3645635cbbd4bf765a89e04e237c2f8b77c76487d9b04
383,jsid-post-aoK55on,flyingbbbb,Tyranids after the dataslate romours,10,160,26,https://img-9gag-fun.9cache.com/photo/aoK55on_460s.jpg,9de8c6433774c095bfd0c1ace6b7d06189d43f9fe1bf611a79e1201771e23ad2
384,jsid-post-aYVKdgx,9GAGGER,It is indeed plant-based,34,260,64,https://img-9gag-fun.9cache.com/photo/aYVKdgx_460s.jpg,af0d4795f8db70dfa2d4a55cfd3db7a355041de21d0461a85f9b684dcd19632a
385,jsid-post-agon0Gx,snoffeest,Fight climate change,1,10,9,https://img-9gag-fun.9cache.com/photo/agon0Gx_460s.jpg,c45c5b55b16de5d96ff3645635cbbd4bf765a89e04e237c2f8b77c76487d9b04
386,jsid-post-abvrQ4X,im_nighthawk,New year,162,309,342,https://img-9gag-fun.9cache.com/photo/abvrQ4X_460s.jpg,8790b8c772df8898e94f8d03233d535591ab90c0199f541097e20827b9bfcca1
387,jsid-post-aVbwMLK,kanpeki,A small change but it really ruined my experience. 9gag pls stop,25,252,26,https://img-9gag-fun.9cache.com/photo/aVbwMLK_460s.jpg,a11bb0f26fac4fe543238de4ee2d0daf4689dd27a658f811218192c7c5b7b488
388,jsid-post-aXnw2jb,lvxlvxlvx,Reality of climate change,175,536,338,https://img-9gag-fun.9cache.com/photo/aXnw2jb_460s.jpg,9e7a616424a060665d6aa42ee5cd90389c545ee7dcca63dece46f8210d233374
389,jsid-post-ajV5gb1,angelmarc,Goals,82,2K,148,https://img-9gag-fun.9cache.com/photo/ajV5gb1_460s.jpg,38f2701c53ecaf892db6e5c6ce57f31bc96e4a1efd86e658e636d55073949eac
390,jsid-post-abvrQ4X,im_nighthawk,New year,162,309,342,https://img-9gag-fun.9cache.com/photo/abvrQ4X_460s.jpg,8790b8c772df8898e94f8d03233d535591ab90c0199f541097e20827b9bfcca1
391,jsid-post-aVbwMLK,kanpeki,A small change but it really ruined my experience. 9gag pls stop,25,252,26,https://img-9gag-fun.9cache.com/photo/aVbwMLK_460s.jpg,a11bb0f26fac4fe543238de4ee2d0daf4689dd27a658f811218192c7c5b7b488
392,jsid-post-aXnw2jb,lvxlvxlvx,Reality of climate change,175,536,338,https://img-9gag-fun.9cache.com/photo/aXnw2jb_460s.jpg,9e7a616424a060665d6aa42ee5cd90389c545ee7dcca63dece46f8210d233374
393,jsid-post-ajV5gb1,angelmarc,Goals,82,2K,148,https://img-9gag-fun.9cache.com/photo/ajV5gb1_460s.jpg,38f2701c53ecaf892db6e5c6ce57f31bc96e4a1efd86e658e636d55073949eac
394,jsid-post-aGEgEDK,walkingfishhh,The future encroaches,106,67,111,https://img-9gag-fun.9cache.com/photo/aGEgEDK_460s.jpg,5539109277ea74d730e2a6376d5730c6fad18687cd1dd5890e4de50014ce1120
395,jsid-post-a1Po4wY,cheesy_fries,Dad trynna get his g spot hit for a change,156,8K,630,https://img-9gag-fun.9cache.com/photo/a1Po4wY_460s.jpg,21ec80c830193d24e1f71f21828b261a9e8023788596320664feb69a13d4258e
396,jsid-post-aKEj0GO,llortamai,Climate change is really rough in Qatar,11,23,18,https://img-9gag-fun.9cache.com/photo/aKEj0GO_460s.jpg,c9517913eaa8939a6954c16005f88866a613343489836464d46f919745e4417c
397,jsid-post-aGEgEDK,walkingfishhh,The future encroaches,106,67,111,https://img-9gag-fun.9cache.com/photo/aGEgEDK_460s.jpg,5539109277ea74d730e2a6376d5730c6fad18687cd1dd5890e4de50014ce1120
398,jsid-post-a1Po4wY,cheesy_fries,Dad trynna get his g spot hit for a change,156,8K,630,https://img-9gag-fun.9cache.com/photo/a1Po4wY_460s.jpg,21ec80c830193d24e1f71f21828b261a9e8023788596320664feb69a13d4258e
399,jsid-post-aKEj0GO,llortamai,Climate change is really rough in Qatar,11,23,18,https://img-9gag-fun.9cache.com/photo/aKEj0GO_460s.jpg,c9517913eaa8939a6954c16005f88866a613343489836464d46f919745e4417c
400,jsid-post-axozqEY,windoge81,School system has to change,32,189,112,https://img-9gag-fun.9cache.com/photo/axozqEY_460s.jpg,39b28fd44399db238eaa4f3b44eb7b7bda6a4b272476612ada421b8403f030b6
401,jsid-post-aMEjLXW,bigmumf,Santa gets screwed by climate activists...,18,203,116,https://img-9gag-fun.9cache.com/photo/aMEjLXW_460s.jpg,e557a88784991bfee2999c6ec5d4779fda58d74294803740e874e41f0ad04bed
402,jsid-post-a3ZQpmQ,ninjastar69,Chug! chug! chug!,58,3K,276,https://img-9gag-fun.9cache.com/photo/a3ZQpmQ_460s.jpg,300d4d27efda19dfc146e690ab9d7b91165e3eecabcd90217dab43979b87b7cc
403,jsid-post-a1PoDRv,sicviresco,Anonymous accounts are destroying 9gag,236,3.5K,334,https://img-9gag-fun.9cache.com/photo/a1PoDRv_460s.jpg,4a94d28aa4ddf9c027d049bb08d9a966a2aa54ca67c5ee898cf67e1f784b19c3
404,jsid-post-aYV728m,cabiell,This is why we can't have nice things,42,257,52,https://img-9gag-fun.9cache.com/photo/aYV728m_460s.jpg,95099c9e65e98252d4ab9909853e590608e8886e1d9324195ffe1e05f11ce60e
